-0.18103,0.70442,-0.69527,8.639e-05,0.00011465,0.00012551,1.0121,0.99962
-0.18044,0.7047,-0.69523,8.5638e-05,0.00011133,0.00012443,1.0123,0.99981
-0.18005,0.70495,-0.69508,8.5028e-05,0.00010779,0.00012211,1.012,0.9998
-0.17964,0.70507,-0.6951,8.4387e-05,0.00010617,0.00012212,1.0123,0.99977
-0.17937,0.70524,-0.69491,8.342e-05,0.00010335,0.00011972,1.0124,0.99954
-0.17894,0.70543,-0.69496,7.9704e-05,9.92e-05,0.00012024,1.0122,0.99964
-0.17839,0.70474,-0.6959,6.9017e-05,9.1869e-05,0.00010806,1.0108,1.0009
-0.17806,0.70268,-0.6982,6.1667e-05,6.422e-05,7.0801e-05,1.0108,1.0013
-0.17815,0.70093,-0.70013,5.7889e-05,4.8907e-05,4.7669e-05,1.011,1.0015
-0.17816,0.69993,-0.70119,3.7901e-05,4.0872e-05,3.7292e-05,1.0113,1.0014
-0.17913,0.69853,-0.70253,2.0621e-05,3.1621e-05,2.6749e-05,1.0111,1.0024
-0.17979,0.69702,-0.7038,9.4496e-06,1.4642e-05,1.5135e-05,1.0127,0.99978
-0.1802,0.69674,-0.70388,1.1299e-05,1.6919e-05,1.9556e-05,1.0113,1.0016
-0.18013,0.69708,-0.70331,1.5253e-05,2.2363e-05,2.6972e-05,1.0113,1.0018
-0.17947,0.69928,-0.70145,3.9856e-05,0.00014126,0.00012895,1.013,1.0012
-0.17375,0.7084,-0.69118,0.00041714,0.0011262,0.0013752,1.0128,0.99936
-0.17061,0.71467,-0.68573,0.00048894,0.0014509,0.001595,1.0136,0.99976
-0.16765,0.72043,-0.68026,0.00053573,0.001609,0.0017233,1.0136,1.0001
-0.16463,0.72601,-0.67504,0.00056946,0.0017024,0.0017955,1.0138,0.99989
-0.16154,0.73157,-0.66977,0.00057226,0.001714,0.0017886,1.0138,0.99979
-0.15836,0.73712,-0.66448,0.00055724,0.0016463,0.0017178,1.0137,0.99983
-0.15531,0.74284,-0.65911,0.00052033,0.0015061,0.001582,1.0139,1.0001
-0.15216,0.74849,-0.65373,0.00046464,0.0012935,0.0013803,1.0139,0.99986
-0.14897,0.75408,-0.64835,0.00038828,0.0010196,0.0011218,1.0141,0.9999
-0.14578,0.75928,-0.6436,0.00028533,0.00073799,0.00087096,1.0141,1
-0.14294,0.76395,-0.63925,0.00019278,0.00046072,0.00062587,1.0139,1.0003
-0.14065,0.76681,-0.63639,0.00010328,0.00027402,0.00042231,1.0124,1.0008
-0.1434,0.76275,-0.64182,1.0058e-05,3.8652e-05,2.0305e-05,1.0146,1.0011
-0.14342,0.76154,-0.6427,7.5508e-06,9.405e-06,1.3352e-05,1.0107,1.0028
-0.14344,0.76084,-0.64331,7.5749e-06,8.5521e-06,1.1791e-05,1.0105,1.0028
-0.14364,0.76026,-0.64397,7.4572e-06,7.4277e-06,1.1465e-05,1.0105,1.0028
-0.14365,0.75973,-0.64439,7.4234e-06,7.3019e-06,1.1643e-05,1.0129,0.99986
-0.14366,0.75938,-0.64472,7.5899e-06,7.4736e-06,1.1215e-05,1.0133,0.99969
-0.14366,0.75904,-0.64512,7.5532e-06,6.9868e-06,1.1424e-05,1.0139,0.99956
-0.14366,0.75876,-0.64539,7.4991e-06,6.7519e-06,1.0398e-05,1.013,0.99996
-0.14376,0.75851,-0.6458,7.2691e-06,6.4967e-06,1.0563e-05,1.0135,0.99996
-0.14379,0.75814,-0.64616,7.2811e-06,5.5608e-06,9.8002e-06,1.0123,1.0009
-0.14391,0.7579,-0.64646,7.0625e-06,5.2109e-06,9.5455e-06,1.0137,1.0004
-0.14401,0.75765,-0.64663,6.934e-06,4.9686e-06,9.7507e-06,1.0112,1.0017
-0.14422,0.75736,-0.6469,6.7007e-06,5.0633e-06,9.6193e-06,1.0113,1.0018
-0.14441,0.75709,-0.64724,6.5823e-06,4.9792e-06,1.0451e-05,1.0114,1.0019
-0.14457,0.75681,-0.64758,6.4586e-06,5.8683e-06,1.0771e-05,1.0113,1.0018
-0.14454,0.75656,-0.64784,6.4654e-06,5.7241e-06,1.1768e-05,1.0097,1.0034
-0.14457,0.75646,-0.64817,6.6634e-06,5.7588e-06,1.2077e-05,1.0098,1.0035
-0.14475,0.75619,-0.64851,6.4626e-06,5.8763e-06,1.1979e-05,1.0099,1.0037
-0.14488,0.75592,-0.64869,6.7052e-06,5.5743e-06,1.1287e-05,1.0098,1.0036
-0.14489,0.7556,-0.64904,6.5067e-06,5.7438e-06,1.1146e-05,1.0106,1.0029
-0.14488,0.75533,-0.64926,6.3608e-06,5.6591e-06,1.07e-05,1.0113,1.0023
-0.14507,0.75509,-0.64951,6.6442e-06,5.6913e-06,1.0553e-05,1.0113,1.0023
-0.14503,0.75484,-0.64981,6.7787e-06,5.2708e-06,9.7023e-06,1.0097,1.0035
-0.14505,0.75461,-0.65009,6.5285e-06,4.8827e-06,9.6377e-06,1.0117,1.0024
-0.14506,0.75443,-0.65042,6.6282e-06,4.7363e-06,9.0945e-06,1.0107,1.0029
-0.145,0.75426,-0.6503,6.4463e-06,4.8329e-06,9.3551e-06,1.0104,1.0029
-0.14496,0.75428,-0.65051,6.5281e-06,4.662e-06,9.7702e-06,1.0116,1.0019
-0.14503,0.75409,-0.65049,6.4431e-06,4.752e-06,1.004e-05,1.0108,1.0021
-0.14511,0.75395,-0.65069,6.3558e-06,4.7512e-06,1.0237e-05,1.0106,1.0019
-0.1451,0.75384,-0.65081,6.215e-06,5.1164e-06,1.0453e-05,1.0106,1.002
-0.14504,0.75367,-0.65114,6.4548e-06,5.0954e-06,1.0582e-05,1.0103,1.002
-0.14524,0.75361,-0.65141,6.3582e-06,5.1519e-06,1.0986e-05,1.0119,1.0011
-0.14537,0.75347,-0.65168,6.4612e-06,5.3802e-06,1.1462e-05,1.0117,1.0014
-0.14527,0.75335,-0.65193,6.3775e-06,5.1661e-06,1.1867e-05,1.0107,1.0018
-0.14539,0.75326,-0.65226,6.2484e-06,5.0723e-06,1.2225e-05,1.0106,1.0018
-0.14537,0.75315,-0.65244,6.585e-06,5.1456e-06,1.1484e-05,1.0119,1.0014
-0.14533,0.75303,-0.65258,6.5627e-06,5.0825e-06,1.2084e-05,1.0107,1.0019
-0.14545,0.75288,-0.65301,6.3247e-06,5.0939e-06,1.1176e-05,1.011,1.0024
-0.14552,0.75273,-0.65321,6.4743e-06,5.0188e-06,1.1888e-05,1.0138,1.0011
-0.14558,0.75259,-0.65344,6.7507e-06,5.1814e-06,1.0399e-05,1.0138,1.0008
-0.14564,0.75242,-0.65353,7.2534e-06,4.9234e-06,1.0483e-05,1.0103,1.004
-0.14558,0.75236,-0.65373,7.3629e-06,4.5366e-06,9.7022e-06,1.0138,1.0003
-0.14565,0.75234,-0.65373,7.126e-06,4.5747e-06,9.6019e-06,1.0133,1.0011
-0.14561,0.75223,-0.65371,7.3106e-06,4.5246e-06,1.0027e-05,1.012,1.0028
-0.14558,0.75221,-0.65374,7.4696e-06,4.4152e-06,1.001e-05,1.0115,1.0027
-0.14559,0.75207,-0.65384,7.7349e-06,4.5228e-06,9.6939e-06,1.0114,1.0029
-0.14556,0.75193,-0.65373,7.7456e-06,4.4784e-06,9.5016e-06,1.01,1.004
-0.14557,0.75179,-0.6537,7.8974e-06,4.2517e-06,9.6707e-06,1.0099,1.0036
-0.14572,0.7517,-0.65369,8.1097e-06,4.4599e-06,8.936e-06,1.0102,1.0034
-0.14585,0.75161,-0.65377,8.6236e-06,4.1654e-06,9.3297e-06,1.0102,1.0035
-0.1458,0.75152,-0.65373,8.5959e-06,4.1436e-06,8.6541e-06,1.01,1.0034
-0.14585,0.75159,-0.65396,8.8439e-06,4.15e-06,8.9216e-06,1.0102,1.0036
-0.14573,0.7515,-0.65397,8.3829e-06,4.1322e-06,8.7581e-06,1.0101,1.0036
-0.1458,0.7514,-0.65405,8.8388e-06,4.2345e-06,9.0428e-06,1.0102,1.0036
-0.14577,0.75132,-0.65407,8.9297e-06,4.2893e-06,8.8745e-06,1.0129,1.0019
-0.14574,0.75132,-0.65413,8.695e-06,4.3655e-06,8.2076e-06,1.0099,1.0036
-0.14583,0.75117,-0.6542,8.4718e-06,4.3141e-06,8.0436e-06,1.0121,1.0012
-0.1458,0.75119,-0.65423,8.1599e-06,4.2381e-06,7.9749e-06,1.0122,1.0016
-0.14584,0.75113,-0.65431,8.1926e-06,4.1665e-06,7.759e-06,1.012,1.0013
-0.14591,0.75118,-0.65442,8.0782e-06,4.443e-06,7.8162e-06,1.0122,1.0014
-0.14578,0.75113,-0.6545,7.8123e-06,4.4877e-06,8.0489e-06,1.012,1.0014
-0.14571,0.7511,-0.65452,7.3287e-06,4.6786e-06,8.0362e-06,1.012,1.0012
-0.14576,0.751,-0.65461,7.302e-06,5.0051e-06,8.0444e-06,1.0119,1.0012
-0.14567,0.75088,-0.65456,6.8029e-06,4.9549e-06,8.0125e-06,1.01,1.0033
-0.14577,0.75084,-0.65476,7.063e-06,5.2386e-06,8.1798e-06,1.0102,1.0035
-0.14584,0.75082,-0.65474,6.6044e-06,5.2852e-06,8.3571e-06,1.0099,1.0034
-0.14591,0.75071,-0.65484,6.417e-06,5.0921e-06,8.3741e-06,1.0098,1.0034
-0.14602,0.75064,-0.65493,6.9094e-06,4.922e-06,8.132e-06,1.0105,1.003
-0.14598,0.75067,-0.65489,7.0092e-06,5.1136e-06,8.5777e-06,1.0106,1.0029
-0.146,0.7506,-0.65492,6.8527e-06,5.1118e-06,8.6716e-06,1.012,1.0014
-0.14601,0.75054,-0.6551,6.8866e-06,5.1688e-06,8.9111e-06,1.0115,1.0023
-0.14606,0.75045,-0.6553,6.4825e-06,4.8203e-06,9.2578e-06,1.0104,1.003
-0.14615,0.75042,-0.65547,6.4601e-06,4.7106e-06,9.6567e-06,1.011,1.003
-0.1462,0.75028,-0.65559,6.495e-06,4.9155e-06,9.9547e-06,1.0111,1.0029
-0.14619,0.7503,-0.65566,6.3034e-06,4.714e-06,1.0101e-05,1.0103,1.004
-0.14617,0.7502,-0.65577,6.6326e-06,4.6998e-06,1.0085e-05,1.0125,1.0016
-0.14624,0.75012,-0.65577,6.4259e-06,4.6051e-06,1.0192e-05,1.0105,1.0035
-0.14609,0.75002,-0.65588,7.1628e-06,4.9725e-06,1.0809e-05,1.0106,1.0041
-0.14625,0.74883,-0.65745,2.085e-05,2.4859e-05,4.3374e-05,1.0115,1.0033
-0.14607,0.74669,-0.6599,2.7554e-05,6.9396e-05,0.000107,1.0119,1.003
-0.1455,0.74464,-0.6624,3.3824e-05,0.00010078,0.00014845,1.0121,1.0032
-0.14513,0.74255,-0.66485,3.5395e-05,0.00012477,0.00018077,1.012,1.0034
-0.14484,0.74035,-0.66724,3.5941e-05,0.00014508,0.00020212,1.0119,1.0032
-0.14439,0.738,-0.66969,3.7017e-05,0.00015782,0.00021579,1.012,1.0032
-0.14417,0.73552,-0.67243,3.6898e-05,0.00016543,0.0002245,1.0134,1.0014
-0.14385,0.73313,-0.6751,3.6468e-05,0.00016346,0.00021998,1.0131,1.0019
-0.14362,0.73061,-0.67777,3.639e-05,0.00014738,0.00019718,1.0116,1.003
-0.14346,0.72814,-0.68054,3.5894e-05,0.00012111,0.00016357,1.0137,1.0019
-0.14316,0.72568,-0.68314,3.5374e-05,8.3777e-05,0.00011244,1.0132,1.0018
-0.1431,0.72317,-0.68585,3.4679e-05,3.2353e-05,4.6444e-05,1.0137,1.0017
-0.1427,0.72186,-0.68711,1.9076e-05,1.368e-05,2.308e-05,1.012,1.0019
-0.14267,0.72148,-0.6875,1.2355e-05,1.0275e-05,1.4414e-05,1.0118,1.0023
-0.14301,0.72102,-0.68789,8.7795e-06,7.36e-06,1.3033e-05,1.0115,1.0024
-0.14316,0.72059,-0.68828,8.9043e-06,5.6719e-06,1.2496e-05,1.0118,1.0024
-0.1433,0.72022,-0.68866,8.9692e-06,5.1023e-06,1.1376e-05,1.0118,1.0025
-0.14356,0.71994,-0.6889,8.4812e-06,4.5898e-06,9.9989e-06,1.0115,1.0016
-0.14355,0.71986,-0.68891,8.6402e-06,4.8802e-06,1.0229e-05,1.0101,1.0031
-0.14362,0.71979,-0.68895,8.5748e-06,5.0108e-06,1.0693e-05,1.0119,1.0018
-0.14364,0.71981,-0.68917,9.0659e-06,5.2851e-06,1.1401e-05,1.0103,1.0032
-0.14371,0.71975,-0.68923,9.4296e-06,5.1904e-06,1.217e-05,1.0109,1.0032
-0.14379,0.71976,-0.68921,9.2443e-06,5.265e-06,1.2763e-05,1.0103,1.0032
-0.14375,0.71979,-0.68931,9.3133e-06,5.3295e-06,1.2163e-05,1.011,1.003
-0.1437,0.71971,-0.6894,9.3769e-06,5.3306e-06,1.2694e-05,1.0099,1.0036
-0.14364,0.7197,-0.68934,9.2935e-06,5.2699e-06,1.2598e-05,1.0099,1.0036
-0.1436,0.71964,-0.68936,9.3573e-06,5.386e-06,1.2487e-05,1.01,1.0035
-0.14369,0.71961,-0.68932,9.0783e-06,5.3771e-06,1.2326e-05,1.01,1.0034
-0.14376,0.71958,-0.68946,9.1873e-06,5.5449e-06,1.2886e-05,1.0113,1.0023
-0.14373,0.71969,-0.6896,9.2316e-06,5.5937e-06,1.3326e-05,1.0102,1.0035
-0.14365,0.7197,-0.68973,9.2162e-06,5.507e-06,1.3464e-05,1.0119,1.0025
-0.14373,0.71968,-0.68994,9.3546e-06,5.3536e-06,1.4031e-05,1.0104,1.0037
-0.14377,0.71961,-0.68982,9.0887e-06,5.3956e-06,1.3544e-05,1.0104,1.0036
-0.14366,0.71963,-0.68985,8.9043e-06,5.3107e-06,1.2664e-05,1.0103,1.0038
-0.14368,0.71955,-0.6901,8.8687e-06,5.338e-06,1.151e-05,1.0106,1.0039
-0.14372,0.71954,-0.6902,9.0056e-06,5.2423e-06,1.1124e-05,1.0105,1.004
-0.14373,0.71947,-0.69034,9.0168e-06,5.4057e-06,1.0656e-05,1.0108,1.0039
-0.14374,0.71935,-0.69054,9.3099e-06,5.4795e-06,1.0312e-05,1.0108,1.0041
-0.14376,0.71921,-0.69067,8.8729e-06,5.4958e-06,1.0088e-05,1.0108,1.0042
-0.14376,0.71909,-0.6908,8.6718e-06,5.3408e-06,1.0253e-05,1.0109,1.0042
-0.14365,0.71904,-0.69087,8.617e-06,5.272e-06,1.0218e-05,1.0109,1.0042
-0.14369,0.71887,-0.69086,8.7904e-06,5.1053e-06,1.0198e-05,1.011,1.004
-0.14373,0.71878,-0.69084,8.5583e-06,4.884e-06,1.0164e-05,1.0108,1.0039
-0.14365,0.71866,-0.69076,8.6308e-06,5.0058e-06,9.8313e-06,1.0107,1.0039
-0.14362,0.71863,-0.69087,8.5481e-06,4.6531e-06,9.4897e-06,1.0107,1.0038
-0.1437,0.71857,-0.69101,8.4249e-06,4.655e-06,9.7263e-06,1.0108,1.0039
-0.14351,0.71858,-0.69111,8.4705e-06,4.8509e-06,9.9567e-06,1.011,1.0038
-0.14355,0.71847,-0.69106,8.3905e-06,4.9694e-06,1.0143e-05,1.0109,1.0037
-0.14354,0.71848,-0.69101,8.4249e-06,4.9509e-06,1.0007e-05,1.0119,1.0026
-0.14353,0.71851,-0.69095,8.0526e-06,4.9294e-06,9.9101e-06,1.0106,1.0037
-0.1435,0.71853,-0.69098,8.3208e-06,5.0482e-06,1.0354e-05,1.0106,1.0036
-0.14342,0.71859,-0.69094,8.2906e-06,5.1988e-06,9.7652e-06,1.0105,1.0037
-0.14345,0.71857,-0.69104,8.0866e-06,5.2137e-06,1.0032e-05,1.0106,1.0038
-0.14338,0.71862,-0.69109,7.8549e-06,5.2644e-06,9.4534e-06,1.0106,1.0041
-0.14345,0.71863,-0.69123,8.0537e-06,5.2934e-06,9.3273e-06,1.0108,1.0042
-0.14342,0.7187,-0.69129,7.9134e-06,5.1428e-06,9.0725e-06,1.0105,1.0044
-0.14349,0.7184,-0.69155,7.8142e-06,6.0508e-06,9.471e-06,1.0105,1.0043
-0.14341,0.71811,-0.69175,7.7976e-06,6.8083e-06,1.0626e-05,1.0105,1.0042
-0.14352,0.71783,-0.69211,7.5114e-06,7.5523e-06,1.2104e-05,1.0105,1.0042
-0.14345,0.71757,-0.69251,7.9366e-06,7.9343e-06,1.2446e-05,1.0106,1.0043
-0.14347,0.71728,-0.69279,7.9628e-06,8.437e-06,1.2325e-05,1.0105,1.0044
-0.14335,0.71685,-0.69321,8.038e-06,8.981e-06,1.2228e-05,1.0104,1.0043
-0.14334,0.71656,-0.69352,7.7064e-06,9.1229e-06,1.2068e-05,1.01,1.005
-0.14345,0.71623,-0.69394,7.9439e-06,8.6225e-06,1.1438e-05,1.0105,1.0042
-0.14338,0.71591,-0.69412,7.9727e-06,8.5414e-06,1.1217e-05,1.0107,1.0043
-0.14326,0.71558,-0.69447,8.4339e-06,7.9261e-06,1.0596e-05,1.0107,1.0042
-0.14317,0.71522,-0.69474,8.1116e-06,7.0063e-06,1.0151e-05,1.0107,1.0041
-0.1432,0.71495,-0.69508,8.2602e-06,6.2561e-06,9.0596e-06,1.0107,1.0042
-0.1432,0.71485,-0.69525,8.5339e-06,6.1465e-06,9.4937e-06,1.012,1.0029
-0.14317,0.71477,-0.69544,8.4029e-06,6.0105e-06,9.5717e-06,1.0119,1.0032
-0.14315,0.71465,-0.69537,8.485e-06,5.5147e-06,9.2173e-06,1.0117,1.0033
-0.1432,0.71449,-0.69536,8.6849e-06,5.5074e-06,9.2066e-06,1.0115,1.0032
-0.14316,0.71446,-0.69554,8.6134e-06,5.436e-06,9.9251e-06,1.0106,1.0043
-0.14322,0.71449,-0.69554,8.8423e-06,5.2987e-06,1.0099e-05,1.0106,1.0043
-0.14331,0.71442,-0.69563,9.3096e-06,5.0399e-06,9.7763e-06,1.0106,1.0043
-0.14322,0.71432,-0.6957,9.0818e-06,5.1009e-06,9.5105e-06,1.0106,1.0044
-0.14328,0.71428,-0.6957,9.4789e-06,5.1844e-06,9.6494e-06,1.0106,1.0042
-0.14338,0.71413,-0.69568,8.9125e-06,5.017e-06,9.7793e-06,1.0104,1.0041
-0.14342,0.71407,-0.69572,8.9554e-06,4.9763e-06,9.7485e-06,1.0105,1.0042
-0.14341,0.71387,-0.69582,8.9922e-06,4.7828e-06,1.0051e-05,1.0106,1.0041
-0.14337,0.71393,-0.69573,8.9402e-06,4.9662e-06,9.7677e-06,1.0105,1.0039
-0.14347,0.71392,-0.69553,9.0377e-06,5.07e-06,9.7108e-06,1.0103,1.0038
-0.14355,0.71392,-0.69554,9.099e-06,5.2511e-06,1.0198e-05,1.0105,1.0038
-0.14347,0.71394,-0.69558,8.5724e-06,5.3485e-06,1.0412e-05,1.0106,1.0038
-0.14361,0.71383,-0.69555,8.7086e-06,5.3568e-06,1.0424e-05,1.0105,1.0036
-0.14368,0.71379,-0.69559,8.4068e-06,5.2584e-06,1.0232e-05,1.0105,1.0035
-0.14373,0.71371,-0.69564,8.2313e-06,5.5246e-06,1.0664e-05,1.0105,1.0035
-0.14377,0.71363,-0.69561,8.3444e-06,5.5476e-06,1.0877e-05,1.0104,1.0035
-0.14374,0.7137,-0.69564,8.0588e-06,5.561e-06,1.1225e-05,1.0104,1.0035
-0.1437,0.71379,-0.69564,8.3973e-06,5.4023e-06,1.1228e-05,1.0104,1.0036
-0.14372,0.71375,-0.6958,8.6454e-06,5.8002e-06,1.2121e-05,1.0106,1.0036
-0.14354,0.71285,-0.69661,9.9805e-06,2.04e-05,2.8201e-05,1.0104,1.0033
-0.14387,0.71135,-0.6981,1.183e-05,3.9458e-05,4.8365e-05,1.0107,1.0033
-0.14428,0.70989,-0.69955,1.3761e-05,5.4855e-05,6.1393e-05,1.0128,1.0018
-0.1446,0.70837,-0.70099,1.4604e-05,6.702e-05,7.0616e-05,1.0128,1.0018
-0.14509,0.70687,-0.70238,1.6259e-05,7.5881e-05,7.5658e-05,1.0129,1.0015
-0.14545,0.70551,-0.70366,1.689e-05,7.8668e-05,7.6313e-05,1.013,1.0018
-0.14594,0.704,-0.70499,1.7509e-05,7.8747e-05,7.4815e-05,1.0128,1.0016
-0.14625,0.70256,-0.70631,1.8242e-05,7.5976e-05,7.2006e-05,1.0129,1.0016
-0.14623,0.70099,-0.70791,3.908e-05,7.8505e-05,7.0906e-05,1.0133,1.0014
-0.14639,0.69941,-0.70949,3.9944e-05,6.3883e-05,5.9968e-05,1.0134,1.0018
-0.14659,0.69783,-0.71102,3.9426e-05,4.4335e-05,4.2105e-05,1.0134,1.0012
-0.14668,0.69633,-0.71243,3.8874e-05,2.3217e-05,2.675e-05,1.013,1.0012
-0.14707,0.69581,-0.71295,3.5849e-05,1.6509e-05,1.6575e-05,1.0125,1.0017
-0.14696,0.69564,-0.71301,3.4989e-05,1.5789e-05,1.675e-05,1.0121,1.0018
-0.14666,0.69551,-0.71303,3.4759e-05,1.5704e-05,1.7111e-05,1.0103,1.0033
-0.14636,0.69539,-0.71311,3.5273e-05,1.5656e-05,1.7089e-05,1.0102,1.0034
-0.146,0.69537,-0.71322,3.4478e-05,1.5831e-05,1.7208e-05,1.0101,1.0034
-0.14587,0.69524,-0.71341,3.4595e-05,1.5299e-05,1.6955e-05,1.0101,1.0034
-0.14562,0.6952,-0.71352,3.3791e-05,1.5239e-05,1.7233e-05,1.0102,1.0033
-0.14543,0.69518,-0.71374,3.2768e-05,1.446e-05,1.7098e-05,1.0103,1.0033
-0.14571,0.69523,-0.71367,1.1637e-05,5.9635e-06,1.2356e-05,1.0115,1.0018
-0.14577,0.69516,-0.71358,1.0189e-05,5.2747e-06,1.1292e-05,1.0097,1.0034
-0.14586,0.69503,-0.71364,1.0152e-05,5.33e-06,1.1217e-05,1.0098,1.0032
-0.14592,0.69505,-0.71346,1.0069e-05,5.1767e-06,1.1032e-05,1.0109,1.0017
-0.14585,0.695,-0.71352,9.9138e-06,5.22e-06,1.129e-05,1.011,1.0016
-0.14585,0.69495,-0.71355,1.0055e-05,5.3622e-06,1.1196e-05,1.0111,1.0019
-0.14585,0.69495,-0.71356,1.0208e-05,5.4224e-06,1.1001e-05,1.0107,1.0021
-0.14594,0.69497,-0.71354,9.9772e-06,5.3914e-06,1.1319e-05,1.0109,1.0021
-0.14606,0.69488,-0.71365,1.0045e-05,5.4823e-06,1.1613e-05,1.0098,1.003
-0.14595,0.69483,-0.71368,9.7309e-06,5.385e-06,1.1624e-05,1.0098,1.0029
-0.14596,0.69482,-0.71375,9.8055e-06,5.3635e-06,1.1443e-05,1.0098,1.0031
-0.14598,0.6948,-0.71375,9.65e-06,5.2771e-06,1.088e-05,1.0115,1.0015
-0.14583,0.69469,-0.71375,9.7487e-06,5.7336e-06,1.0726e-05,1.0117,1.0015
-0.14589,0.69468,-0.71372,9.6054e-06,5.9238e-06,1.0807e-05,1.0117,1.0015
-0.1458,0.69479,-0.71368,9.2285e-06,6.0123e-06,1.0697e-05,1.0113,1.0015
-0.14573,0.6947,-0.71384,9.5017e-06,5.9819e-06,1.0319e-05,1.012,1.0011
-0.14573,0.69463,-0.7139,9.7407e-06,5.8805e-06,1.0314e-05,1.0114,1.002
-0.14566,0.69466,-0.71387,9.8074e-06,5.791e-06,9.586e-06,1.0112,1.0019
-0.14569,0.69455,-0.71398,1.0027e-05,5.8189e-06,9.227e-06,1.0097,1.0034
-0.14563,0.69453,-0.71404,9.8924e-06,5.6539e-06,8.9776e-06,1.0109,1.0021
-0.14565,0.69452,-0.7141,9.644e-06,5.3725e-06,8.7482e-06,1.0098,1.0036
-0.14558,0.69454,-0.7141,9.3792e-06,5.4572e-06,8.7016e-06,1.0098,1.0035
-0.14552,0.69452,-0.7141,9.2611e-06,5.3238e-06,8.4274e-06,1.0121,1.0015
-0.14549,0.69458,-0.71407,9.1704e-06,5.5613e-06,8.3708e-06,1.0098,1.0034
-0.14548,0.69471,-0.71413,9.2771e-06,5.3305e-06,8.312e-06,1.0126,1.002
-0.14539,0.69463,-0.71429,9.4898e-06,5.4196e-06,8.2845e-06,1.0122,1.0016
-0.14542,0.69456,-0.71432,9.2618e-06,5.2322e-06,8.0648e-06,1.0124,1.0019
-0.14545,0.69456,-0.7144,8.9751e-06,5.3409e-06,8.2091e-06,1.0101,1.0035
-0.14543,0.6946,-0.71439,8.6448e-06,5.1659e-06,8.5819e-06,1.0125,1.0017
-0.14543,0.69451,-0.71447,8.8691e-06,5.2154e-06,8.7372e-06,1.0104,1.0031
-0.1454,0.69457,-0.71443,8.307e-06,5.0315e-06,8.7988e-06,1.0105,1.003
-0.14539,0.6945,-0.71446,8.7942e-06,5.2069e-06,8.838e-06,1.0105,1.0032
-0.14533,0.6945,-0.71447,9.1847e-06,5.2351e-06,8.8871e-06,1.0106,1.0031
-0.14535,0.69445,-0.71453,9.5287e-06,5.2369e-06,8.9982e-06,1.0106,1.0031
-0.14532,0.69436,-0.71465,9.6079e-06,5.3419e-06,9.5049e-06,1.0132,1.0005
-0.1453,0.69413,-0.71455,9.6347e-06,5.0624e-06,9.9402e-06,1.013,1.0006
-0.14531,0.6941,-0.71456,9.8437e-06,5.1656e-06,1.0205e-05,1.0103,1.0033
-0.14528,0.69406,-0.71464,9.5135e-06,5.1469e-06,1.024e-05,1.0103,1.0033
-0.14535,0.69406,-0.71466,9.6622e-06,5.2572e-06,1.0287e-05,1.0102,1.0034
-0.14539,0.69402,-0.7145,9.4196e-06,5.1546e-06,1.0185e-05,1.0097,1.0033
-0.14537,0.694,-0.7145,9.4026e-06,5.2196e-06,9.7127e-06,1.0098,1.0033
-0.14541,0.69401,-0.71448,9.0958e-06,5.2145e-06,1.0136e-05,1.0101,1.003
-0.14536,0.69393,-0.71465,9.3942e-06,5.6216e-06,1.0132e-05,1.0103,1.0032
-0.14541,0.69396,-0.71471,9.1453e-06,5.7847e-06,1.0141e-05,1.0097,1.0035
-0.14536,0.69385,-0.71465,8.5797e-06,5.928e-06,1.0083e-05,1.0119,1.0011
-0.14536,0.69381,-0.71472,8.2613e-06,6.1594e-06,1.0123e-05,1.0125,1.0012
-0.1453,0.69383,-0.71464,7.86e-06,6.2302e-06,9.2524e-06,1.01,1.0031
-0.14538,0.69392,-0.71473,8.0898e-06,6.3054e-06,8.9058e-06,1.0093,1.0038
-0.14548,0.69388,-0.71471,7.9579e-06,5.8912e-06,8.4706e-06,1.0107,1.0027
-0.14539,0.69389,-0.71465,8.5675e-06,5.9076e-06,8.396e-06,1.0098,1.0034
-0.1454,0.69386,-0.71464,8.2977e-06,6.1401e-06,8.8908e-06,1.0099,1.0033
-0.14543,0.69381,-0.71471,8.5211e-06,6.0992e-06,9.5219e-06,1.01,1.0033
-0.14547,0.69374,-0.71473,8.5016e-06,6.1825e-06,9.4241e-06,1.0117,1.0007
-0.14539,0.69366,-0.71482,8.5984e-06,6.0599e-06,8.8098e-06,1.0098,1.0033
-0.14549,0.69369,-0.71477,8.5675e-06,5.7876e-06,9.201e-06,1.0099,1.0031
-0.14554,0.69362,-0.71482,8.615e-06,5.4952e-06,9.4208e-06,1.0099,1.0032
-0.14557,0.69358,-0.71485,8.5792e-06,5.4444e-06,9.4934e-06,1.01,1.0032
-0.14562,0.69357,-0.71475,8.6116e-06,5.0533e-06,9.0096e-06,1.0099,1.0032
-0.14565,0.6935,-0.71476,8.7711e-06,4.9452e-06,9.5534e-06,1.01,1.003
-0.14559,0.69344,-0.71481,8.6178e-06,4.6033e-06,9.7567e-06,1.01,1.003
-0.14562,0.69348,-0.71479,8.3709e-06,4.8423e-06,9.854e-06,1.01,1.003
-0.14575,0.69345,-0.71474,8.0826e-06,4.7741e-06,1.0035e-05,1.01,1.0029
-0.14568,0.69336,-0.71494,8.2004e-06,4.8245e-06,1.0042e-05,1.01,1.0029
-0.1456,0.69345,-0.71502,8.5144e-06,5.0463e-06,9.4477e-06,1.0101,1.0032
-0.14568,0.69334,-0.71512,8.4003e-06,5.1036e-06,1.0122e-05,1.0126,0.99973
-0.14569,0.69341,-0.71498,8.3428e-06,5.2693e-06,1.0334e-05,1.0123,0.99938
-0.14566,0.69332,-0.71502,8.8574e-06,5.2347e-06,9.9161e-06,1.0101,1.0032
-0.14557,0.69334,-0.71507,8.8068e-06,5.3325e-06,9.4843e-06,1.0101,1.0032
-0.14553,0.69338,-0.715,8.9622e-06,5.3095e-06,9.244e-06,1.01,1.0033
-0.14553,0.69327,-0.71505,8.8318e-06,5.6452e-06,9.3466e-06,1.01,1.0031
-0.14553,0.69323,-0.71518,8.8607e-06,5.8046e-06,9.1902e-06,1.0098,1.0034
-0.14547,0.69318,-0.71511,8.9021e-06,6.0421e-06,9.4968e-06,1.0099,1.0031
-0.14541,0.69308,-0.71519,9.0578e-06,6.0597e-06,1.0245e-05,1.0112,1.0004
-0.14542,0.69311,-0.71527,8.9955e-06,6.2785e-06,1.0326e-05,1.0127,0.99989
-0.14541,0.69309,-0.71509,9.0256e-06,5.9788e-06,9.9927e-06,1.0108,1.0003
-0.1454,0.69297,-0.7151,8.7325e-06,5.6173e-06,9.8923e-06,1.0108,1.0001
-0.14535,0.69291,-0.71514,8.8127e-06,5.999e-06,9.187e-06,1.011,1.0003
-0.14526,0.69276,-0.71525,8.9823e-06,5.9188e-06,9.198e-06,1.0096,1.0028
-0.14533,0.69278,-0.7152,8.5545e-06,6.0783e-06,9.5273e-06,1.0095,1.0028
-0.14537,0.69275,-0.71514,8.4653e-06,6.1533e-06,9.8423e-06,1.0095,1.0027
-0.1453,0.69267,-0.71517,8.8567e-06,6.2625e-06,9.9039e-06,1.0094,1.0026
-0.14526,0.69269,-0.71523,8.8328e-06,6.0413e-06,9.9741e-06,1.0126,0.99935
-0.14529,0.6927,-0.71518,9.0653e-06,6.1406e-06,1.1351e-05,1.012,0.99981
-0.14506,0.69178,-0.7161,1.2292e-05,1.9224e-05,2.3065e-05,1.0097,1.0026
-0.14528,0.69046,-0.71725,1.3047e-05,3.42e-05,3.5037e-05,1.0096,1.0027
-0.14551,0.68901,-0.71855,1.37e-05,4.8614e-05,4.9293e-05,1.0095,1.0028
-0.1458,0.68757,-0.71985,1.4932e-05,6.2091e-05,5.7634e-05,1.0132,1
-0.14617,0.68602,-0.72115,1.5955e-05,7.2831e-05,6.4719e-05,1.0091,1.0031
-0.14652,0.68465,-0.72234,1.6528e-05,7.7688e-05,6.8263e-05,1.009,1.0031
-0.14683,0.68313,-0.72371,1.6134e-05,8.1208e-05,6.9362e-05,1.0127,1.0006
-0.14682,0.68142,-0.72522,1.876e-05,8.0369e-05,7.0178e-05,1.0092,1.0025
-0.14665,0.67958,-0.72685,2.3319e-05,7.9558e-05,6.8135e-05,1.0093,1.0022
-0.14667,0.67818,-0.72823,2.2993e-05,6.8591e-05,5.6901e-05,1.0093,1.0022
-0.14668,0.67666,-0.72953,2.3142e-05,5.011e-05,4.2593e-05,1.0092,1.0021
-0.14655,0.67517,-0.73083,2.4044e-05,2.6891e-05,2.3619e-05,1.0091,1.002
-0.14676,0.67455,-0.73126,2.0177e-05,1.8115e-05,1.7552e-05,1.009,1.0022
-0.14647,0.67432,-0.73151,2.0166e-05,1.7277e-05,1.722e-05,1.009,1.0019
-0.14608,0.6743,-0.73152,1.9971e-05,1.7095e-05,1.7145e-05,1.009,1.0017
-0.14571,0.67434,-0.73162,1.9214e-05,1.6865e-05,1.6728e-05,1.009,1.0017
-0.14532,0.6744,-0.73171,1.8089e-05,1.6419e-05,1.6771e-05,1.009,1.0017
-0.14483,0.67425,-0.73178,1.681e-05,1.6265e-05,1.6912e-05,1.0088,1.0016
-0.14449,0.67436,-0.73178,1.5973e-05,1.6428e-05,1.6276e-05,1.0101,1.0005
-0.1444,0.67458,-0.73169,1.3328e-05,1.5122e-05,1.2805e-05,1.0098,1.001
-0.14459,0.67499,-0.73155,9.5072e-06,9.8283e-06,1.0951e-05,1.0101,1.0009
-0.14456,0.67491,-0.73157,9.3812e-06,6.9924e-06,1.0394e-05,1.0101,1.0011
-0.14448,0.67502,-0.7316,9.3487e-06,6.711e-06,9.8758e-06,1.0102,1.0015
-0.1445,0.675,-0.73167,9.0416e-06,5.9601e-06,9.7361e-06,1.0101,1.0019
-0.14453,0.67505,-0.73168,9.3022e-06,6.1402e-06,9.8128e-06,1.012,0.99932
-0.14447,0.67508,-0.73172,9.2355e-06,5.9251e-06,9.7326e-06,1.0101,1.002
-0.14439,0.67498,-0.73175,9.5158e-06,5.7476e-06,9.1855e-06,1.0098,1.0019
-0.14439,0.6749,-0.73173,9.4749e-06,5.9347e-06,9.8595e-06,1.01,1.0021
-0.14443,0.67488,-0.73167,9.1707e-06,6.0449e-06,9.7968e-06,1.0099,1.0018
-0.14454,0.67495,-0.73166,8.8098e-06,5.983e-06,9.395e-06,1.0105,1.001
-0.14449,0.67497,-0.73167,8.8134e-06,5.7731e-06,9.128e-06,1.0085,1.0032
-0.14452,0.67487,-0.73171,8.3755e-06,5.4595e-06,9.2188e-06,1.0104,1.0012
-0.14453,0.6748,-0.73168,8.8446e-06,5.7297e-06,8.6482e-06,1.0082,1.0033
-0.14456,0.67478,-0.73167,8.9031e-06,5.8934e-06,8.5241e-06,1.0101,1.0009
-0.14458,0.67473,-0.73169,8.7505e-06,5.995e-06,8.6678e-06,1.0098,1.0008
-0.14456,0.67469,-0.7317,8.4211e-06,6.0169e-06,8.7019e-06,1.0101,1.0002
-0.14457,0.6746,-0.73169,8.0842e-06,5.82e-06,8.5407e-06,1.01,1.0006
-0.14461,0.67458,-0.73164,8.0397e-06,5.8412e-06,8.2167e-06,1.0097,1.0002
-0.14472,0.67456,-0.73157,7.8147e-06,6.0297e-06,8.3136e-06,1.0098,1.0004
-0.14472,0.67463,-0.73163,8.217e-06,5.6397e-06,7.7138e-06,1.0087,1.0024
-0.14467,0.67451,-0.7316,8.6655e-06,6.0053e-06,7.8692e-06,1.0086,1.0023
-0.14467,0.67458,-0.73162,8.9364e-06,5.8713e-06,8.1026e-06,1.0087,1.0023
-0.14479,0.67454,-0.73153,8.9521e-06,5.916e-06,8.2044e-06,1.0086,1.0023
-0.14469,0.67452,-0.73145,9.2223e-06,5.9921e-06,8.1739e-06,1.0086,1.0021
-0.14462,0.6744,-0.73152,9.1467e-06,5.9012e-06,8.4839e-06,1.0086,1.002
-0.14456,0.67437,-0.7315,9.0397e-06,6.2672e-06,8.4397e-06,1.0086,1.0022
-0.14446,0.67433,-0.73158,9.3847e-06,6.502e-06,8.5244e-06,1.0086,1.0022
-0.14453,0.67432,-0.73162,9.5843e-06,6.3896e-06,7.8034e-06,1.0096,1.0015
-0.14447,0.67428,-0.7318,9.8532e-06,6.3958e-06,7.8311e-06,1.0098,1.0016
-0.14443,0.67428,-0.73177,1.0124e-05,6.3063e-06,7.712e-06,1.0098,1.0016
-0.1444,0.67428,-0.7319,1.0382e-05,6.322e-06,7.5809e-06,1.0098,1.0018
-0.14442,0.67407,-0.7319,1.0016e-05,6.3301e-06,8.1474e-06,1.0097,1.0016
-0.14431,0.67409,-0.73197,9.4627e-06,6.0314e-06,7.8272e-06,1.0096,1.0017
-0.14419,0.67402,-0.73203,9.4356e-06,6.1831e-06,7.898e-06,1.0087,1.0027
-0.14413,0.67394,-0.73203,9.2769e-06,5.8947e-06,7.7615e-06,1.0098,1.0017
-0.14415,0.67395,-0.73222,9.2843e-06,5.9007e-06,7.586e-06,1.0088,1.0025
-0.14416,0.67406,-0.73216,9.1719e-06,5.8691e-06,7.5702e-06,1.0088,1.0027
-0.14422,0.67409,-0.73223,9.1213e-06,5.51e-06,7.5189e-06,1.0095,1.0016
-0.14431,0.67412,-0.73215,9.0848e-06,5.2184e-06,7.7025e-06,1.0088,1.0028
-0.14433,0.67411,-0.73214,8.9864e-06,5.1525e-06,8.1715e-06,1.0089,1.0025
-0.14438,0.67416,-0.73213,8.8348e-06,5.1403e-06,8.139e-06,1.0089,1.0024
-0.14442,0.67409,-0.73215,8.5555e-06,5.1117e-06,8.201e-06,1.0088,1.0023
-0.14455,0.67399,-0.73216,8.3057e-06,5.164e-06,8.5002e-06,1.0088,1.0023
-0.14454,0.67404,-0.73215,8.6464e-06,5.1235e-06,8.0196e-06,1.0087,1.0022
-0.14462,0.67403,-0.73222,9.1233e-06,5.3139e-06,8.5161e-06,1.0088,1.0023
-0.14469,0.67403,-0.73222,8.8609e-06,5.2836e-06,8.3046e-06,1.0088,1.0023
-0.14472,0.67405,-0.73229,8.7173e-06,5.381e-06,8.5086e-06,1.0089,1.0024
-0.14483,0.67411,-0.73222,9.0629e-06,5.3567e-06,8.3995e-06,1.0089,1.0025
-0.1448,0.67403,-0.73224,9.0951e-06,5.3607e-06,8.3029e-06,1.0087,1.0025
-0.14476,0.67395,-0.73219,9.558e-06,5.388e-06,8.2745e-06,1.0086,1.0023
-0.1448,0.67378,-0.73235,9.4754e-06,5.5478e-06,8.0615e-06,1.0086,1.0026
-0.14474,0.67367,-0.73241,9.5608e-06,5.6546e-06,7.9925e-06,1.0085,1.0026
-0.14475,0.67364,-0.73239,9.3166e-06,5.4713e-06,7.7671e-06,1.0099,0.99922
-0.14484,0.6736,-0.73246,9.1008e-06,5.6594e-06,7.9639e-06,1.01,0.99886
-0.14472,0.67363,-0.73246,9.0684e-06,5.772e-06,8.0922e-06,1.0104,0.9994
-0.14467,0.67353,-0.73252,8.716e-06,5.9042e-06,8.0587e-06,1.0095,1.0015
-0.14465,0.67349,-0.73248,8.1526e-06,5.7605e-06,7.7586e-06,1.0084,1.0025
-0.14466,0.67338,-0.73246,8.2652e-06,5.5527e-06,7.5361e-06,1.0083,1.0025
-0.14463,0.67337,-0.73258,8.4109e-06,5.8447e-06,7.389e-06,1.0097,1.0013
-0.14454,0.67323,-0.73256,7.9171e-06,5.6577e-06,7.4184e-06,1.0097,1.0011
-0.14456,0.67313,-0.7325,7.4649e-06,5.7915e-06,7.4298e-06,1.0083,1.0022
-0.14464,0.67309,-0.73259,7.1562e-06,5.8375e-06,7.2254e-06,1.0084,1.0025
-0.14431,0.67307,-0.73268,9.8203e-06,6.5978e-06,7.8918e-06,1.0086,1.0024
-0.14461,0.67308,-0.73273,1.112e-05,7.0053e-06,8.1393e-06,1.0082,1.0028
-0.14487,0.67298,-0.73274,1.2232e-05,6.9812e-06,8.4128e-06,1.0082,1.0028
-0.14503,0.67282,-0.73278,1.3027e-05,6.9764e-06,8.0529e-06,1.0081,1.0028
-0.14534,0.67266,-0.73285,1.3561e-05,6.8836e-06,8.1501e-06,1.0082,1.0028
-0.14577,0.67256,-0.73297,1.4088e-05,7.1667e-06,7.9459e-06,1.0082,1.0028
-0.14607,0.67243,-0.73304,1.4541e-05,7.3333e-06,8.0729e-06,1.0105,1.001
-0.14629,0.67239,-0.73311,1.4515e-05,7.3261e-06,8.4008e-06,1.0106,1.0007
-0.14679,0.67233,-0.73307,1.4945e-05,7.2139e-06,8.7748e-06,1.0091,1.0021
-0.14686,0.67201,-0.73331,2.3812e-05,1.2196e-05,1.0571e-05,1.0098,1.0017
-0.14688,0.67186,-0.73338,2.9478e-05,1.497e-05,1.2418e-05,1.0107,1.0007
-0.14696,0.67166,-0.73346,2.9722e-05,1.5777e-05,1.2559e-05,1.0106,1.0005
-0.14732,0.67163,-0.73333,2.4906e-05,1.5305e-05,1.2083e-05,1.0106,1.0004
-0.1472,0.67155,-0.73324,2.4253e-05,1.4683e-05,1.2003e-05,1.0105,1.0002
-0.1471,0.67142,-0.73338,2.4632e-05,1.5023e-05,1.2017e-05,1.0105,1.0004
-0.14703,0.6714,-0.73351,2.4653e-05,1.5133e-05,1.2902e-05,1.011,0.99978
-0.14686,0.67144,-0.73348,2.4664e-05,1.5115e-05,1.2752e-05,1.0109,0.99992
-0.1467,0.67145,-0.73356,2.44e-05,1.5013e-05,1.3068e-05,1.011,1.0002
-0.14651,0.6714,-0.73365,2.4352e-05,1.4981e-05,1.2734e-05,1.0109,1.0001
-0.14641,0.67128,-0.73362,2.4195e-05,1.4871e-05,1.2932e-05,1.0108,1.0002
-0.14604,0.67114,-0.7337,2.3069e-05,1.4182e-05,1.2415e-05,1.0106,1
-0.14612,0.67124,-0.7335,1.3944e-05,9.6129e-06,1.1068e-05,1.0082,1.0015
-0.1463,0.67135,-0.73352,8.0907e-06,7.0324e-06,9.2235e-06,1.0117,0.99892
-0.14621,0.67138,-0.73345,8.0356e-06,6.3598e-06,9.0941e-06,1.0083,1.0017
-0.14628,0.67129,-0.73353,8.3997e-06,6.0482e-06,9.0434e-06,1.0108,0.99852
-0.14626,0.67129,-0.73369,8.4293e-06,6.0766e-06,8.9861e-06,1.0108,0.99945
-0.14615,0.67136,-0.73359,8.1126e-06,5.6471e-06,8.9862e-06,1.0108,0.99874
-0.14611,0.67133,-0.73356,8.4594e-06,5.4758e-06,8.5097e-06,1.0096,0.99882
-0.14613,0.67115,-0.73365,8.8424e-06,5.6282e-06,8.6787e-06,1.0105,0.99918
-0.14604,0.67111,-0.73353,8.8245e-06,5.6713e-06,9.0549e-06,1.0103,0.99879
-0.14608,0.67118,-0.73353,8.6718e-06,5.8401e-06,9.385e-06,1.0098,0.9988
-0.14618,0.67119,-0.7337,9.1699e-06,5.9547e-06,9.0831e-06,1.0097,1.0002
-0.14626,0.67114,-0.73383,9.5205e-06,6.1983e-06,9.4214e-06,1.0079,1.0023
-0.14631,0.67107,-0.73394,9.738e-06,6.2567e-06,9.4771e-06,1.0085,1.002
-0.14628,0.67096,-0.73408,9.7575e-06,6.0998e-06,9.414e-06,1.0085,1.0021
-0.14638,0.67103,-0.7342,9.7728e-06,6.0997e-06,9.1925e-06,1.0085,1.0022
-0.14636,0.67105,-0.7342,9.6022e-06,5.9629e-06,9.1899e-06,1.0099,1.0005
-0.14628,0.67102,-0.73424,9.9315e-06,5.9491e-06,8.8419e-06,1.0086,1.002
-0.14631,0.67086,-0.73424,9.855e-06,5.9307e-06,8.8949e-06,1.0086,1.0019
-0.14628,0.67084,-0.7342,9.8579e-06,6.1562e-06,8.6347e-06,1.0085,1.002
-0.14622,0.67092,-0.73413,9.4544e-06,6.058e-06,8.3195e-06,1.0086,1.0022
-0.14625,0.6709,-0.73417,9.4362e-06,6.1148e-06,7.5294e-06,1.0085,1.0022
-0.14623,0.67082,-0.73414,9.4796e-06,6.3785e-06,7.3219e-06,1.0097,1.0011
-0.14615,0.67079,-0.73418,8.9586e-06,6.3525e-06,7.4545e-06,1.0098,1.001
-0.14615,0.67084,-0.73419,8.5586e-06,6.1642e-06,7.2348e-06,1.0098,1.0012
-0.14612,0.67098,-0.7342,8.2421e-06,6.0688e-06,7.2669e-06,1.0097,1.0012
-0.14606,0.67096,-0.73409,8.2435e-06,6.1689e-06,7.2271e-06,1.0082,1.0023
-0.14603,0.67084,-0.73416,7.7407e-06,5.9074e-06,7.5234e-06,1.0092,1.0012
-0.14608,0.6708,-0.73424,8.0279e-06,5.713e-06,8.1099e-06,1.0097,1.0014
-0.14611,0.67076,-0.73416,7.9745e-06,5.847e-06,8.2834e-06,1.0098,1.0013
-0.14614,0.67082,-0.73422,7.8152e-06,5.8653e-06,7.9681e-06,1.0095,1.0014
-0.14619,0.67077,-0.73413,7.4692e-06,5.5575e-06,8.1988e-06,1.0094,1.0013
-0.1463,0.67076,-0.73415,8.0773e-06,5.5685e-06,8.5152e-06,1.0094,1.0014
-0.14639,0.67076,-0.73424,7.776e-06,5.5585e-06,8.5203e-06,1.0094,1.0014
-0.14649,0.67066,-0.73422,7.8819e-06,5.1207e-06,8.2958e-06,1.0078,1.0025
-0.14652,0.67068,-0.7341,8.1377e-06,5.061e-06,7.9762e-06,1.0076,1.0024
-0.14647,0.67064,-0.73407,8.1772e-06,4.9576e-06,7.9118e-06,1.0109,1.0002
-0.14643,0.67052,-0.73405,8.2122e-06,5.0596e-06,7.5998e-06,1.0105,1.0001
-0.14641,0.6706,-0.73401,8.4758e-06,5.2537e-06,7.9352e-06,1.0102,0.99951
-0.14637,0.67058,-0.73394,9.0581e-06,5.3647e-06,7.8322e-06,1.0106,0.99934
-0.14635,0.67051,-0.73388,8.8979e-06,5.6205e-06,7.4702e-06,1.0099,0.99885
-0.14634,0.6705,-0.73388,8.9003e-06,5.54e-06,7.5159e-06,1.0077,1.0017
-0.14631,0.67042,-0.73387,9.2723e-06,5.4937e-06,7.4907e-06,1.0076,1.0016
-0.14633,0.67047,-0.73404,9.2315e-06,5.8118e-06,7.3582e-06,1.0077,1.0017
-0.14627,0.67046,-0.73405,9.228e-06,5.8999e-06,6.9808e-06,1.0078,1.0017
-0.14621,0.6704,-0.73407,9.4302e-06,5.8377e-06,7.3704e-06,1.0077,1.0016
-0.14615,0.67043,-0.73415,9.1541e-06,5.932e-06,7.9399e-06,1.0078,1.0016
-0.146,0.67037,-0.73426,9.0248e-06,6.0175e-06,8.2689e-06,1.0079,1.0017
-0.14593,0.67029,-0.73425,9.3281e-06,6.2956e-06,8.5201e-06,1.0079,1.0016
-0.14601,0.6703,-0.73424,9.6871e-06,6.1736e-06,8.6718e-06,1.008,1.0016
-0.14612,0.67029,-0.73429,9.6066e-06,6.1159e-06,8.421e-06,1.008,1.0018
-0.14617,0.67026,-0.73428,9.0187e-06,6.3554e-06,8.6062e-06,1.0081,1.0017
-0.14617,0.67022,-0.73438,8.9202e-06,6.4187e-06,8.7069e-06,1.0091,1.0012
-0.1462,0.67015,-0.73445,8.8928e-06,6.3963e-06,8.8588e-06,1.0109,0.99919
-0.14625,0.67012,-0.73447,8.6892e-06,6.9668e-06,9.7167e-06,1.0092,1.0013
-0.14622,0.67004,-0.73446,8.7447e-06,6.7522e-06,9.8495e-06,1.0082,1.0018
-0.14625,0.66992,-0.7346,8.3539e-06,6.8243e-06,1.0088e-05,1.0084,1.0018
-0.14628,0.66987,-0.73445,8.1858e-06,7.1842e-06,9.9311e-06,1.0084,1.0014
-0.14628,0.66989,-0.73449,8.3151e-06,7.309e-06,9.9333e-06,1.0084,1.0014
-0.1464,0.66983,-0.73441,8.1309e-06,7.4944e-06,9.794e-06,1.0082,1.0013
-0.14655,0.66984,-0.73446,7.9446e-06,7.308e-06,9.8926e-06,1.0085,1.0013
-0.14648,0.66992,-0.7345,7.5595e-06,7.5471e-06,9.5226e-06,1.0084,1.0014
-0.14649,0.66988,-0.73451,7.8201e-06,7.4729e-06,9.3507e-06,1.0082,1.0014
-0.14649,0.66992,-0.73448,7.8995e-06,7.4969e-06,9.149e-06,1.008,1.0014
-0.14654,0.66995,-0.73443,7.7563e-06,7.408e-06,9.0542e-06,1.0101,0.99852
-0.14658,0.66985,-0.73441,7.6203e-06,7.2176e-06,8.8321e-06,1.0097,0.99938
-0.14659,0.6699,-0.73444,7.8015e-06,6.8161e-06,8.1233e-06,1.0079,1.0013
-0.14651,0.66992,-0.73437,7.7775e-06,6.8147e-06,8.5482e-06,1.0079,1.0013
-0.14657,0.66995,-0.73434,1.0167e-05,7.1922e-06,1.0744e-05,1.009,1.0002
-0.14655,0.66939,-0.73498,1.7231e-05,1.2821e-05,1.5003e-05,1.0105,0.99949
-0.1469,0.66896,-0.73525,1.8856e-05,1.5093e-05,1.764e-05,1.0088,1.0008
-0.14724,0.66885,-0.73541,1.9683e-05,1.4881e-05,1.8546e-05,1.0091,1.0009
-0.14741,0.66875,-0.73535,1.9612e-05,1.4793e-05,1.8189e-05,1.009,1.0008
-0.14772,0.66846,-0.73545,1.9923e-05,1.4376e-05,1.8303e-05,1.0089,1.0009
-0.14792,0.66827,-0.73554,1.9867e-05,1.3831e-05,1.7968e-05,1.0089,1.0009
-0.14822,0.66812,-0.73555,1.9654e-05,1.3535e-05,1.773e-05,1.0101,1.0003
-0.14847,0.66791,-0.73555,1.9397e-05,1.3328e-05,1.753e-05,1.0099,1.0003
-0.1486,0.66778,-0.73564,1.9166e-05,1.3143e-05,1.7434e-05,1.0126,0.99879
-0.14883,0.66763,-0.73572,1.8734e-05,1.2608e-05,1.7297e-05,1.0097,1
-0.14911,0.66739,-0.73594,1.8034e-05,1.1912e-05,1.6297e-05,1.0098,1
-0.14927,0.66727,-0.7359,1.5354e-05,1.1198e-05,1.4199e-05,1.0102,0.9992
-0.14938,0.66771,-0.73538,1.095e-05,8.003e-06,1.0848e-05,1.009,1.0008
-0.14881,0.66785,-0.73528,2.9853e-05,9.3728e-06,8.5499e-06,1.0089,1.0001
-0.14842,0.66777,-0.73531,3.1395e-05,9.7507e-06,7.7153e-06,1.0089,0.99969
-0.14807,0.6679,-0.7354,3.2524e-05,1.0156e-05,7.8057e-06,1.0089,0.99984
-0.14771,0.668,-0.7354,3.2817e-05,1.0298e-05,8.0023e-06,1.009,0.99965
-0.1475,0.66809,-0.73552,3.2656e-05,1.0329e-05,8.4065e-06,1.0092,0.99971
-0.14716,0.66818,-0.73565,3.2505e-05,1.0523e-05,8.3048e-06,1.0095,0.99972
-0.14681,0.66828,-0.73576,3.2074e-05,1.0573e-05,8.1301e-06,1.0097,1.0001
-0.14671,0.66837,-0.73575,3.189e-05,1.0891e-05,8.3718e-06,1.0099,0.99994
-0.14642,0.66835,-0.73568,3.1667e-05,1.0855e-05,9.2897e-06,1.0098,0.99977
-0.14613,0.66854,-0.73553,3.092e-05,1.0918e-05,9.7209e-06,1.0097,0.99967
-0.14584,0.66865,-0.73562,3.0269e-05,1.0654e-05,9.516e-06,1.0097,0.99976
-0.14567,0.66867,-0.7357,2.7174e-05,1.0189e-05,1.0165e-05,1.0095,1
-0.14578,0.66879,-0.7356,9.5391e-06,7.1167e-06,9.3691e-06,1.0099,0.99969
-0.14584,0.6689,-0.73561,8.387e-06,6.5266e-06,9.2821e-06,1.0077,1.0021
-0.14584,0.6688,-0.73562,8.1198e-06,6.6e-06,9.3988e-06,1.0081,1.0017
-0.14587,0.66869,-0.73566,8.411e-06,6.4019e-06,9.19e-06,1.0081,1.0017
-0.14572,0.66856,-0.7356,8.1003e-06,6.6616e-06,8.9694e-06,1.0079,1.0015
-0.14571,0.66857,-0.7355,8.131e-06,6.3102e-06,9.148e-06,1.0085,1.0011
-0.14575,0.66863,-0.73554,8.4108e-06,6.2371e-06,9.4742e-06,1.0072,1.0021
-0.14569,0.66851,-0.73545,8.3495e-06,6.368e-06,9.1932e-06,1.0083,1.0009
-0.14548,0.66857,-0.73547,8.3359e-06,6.4723e-06,8.3828e-06,1.0077,1.0016
-0.14547,0.66852,-0.73542,8.5021e-06,6.5376e-06,8.5882e-06,1.0085,1.001
-0.14546,0.6685,-0.73552,8.4443e-06,6.6871e-06,8.6593e-06,1.0123,1.0002
-0.14542,0.66851,-0.7355,8.124e-06,6.7575e-06,8.031e-06,1.0102,0.99957
-0.14538,0.66852,-0.73548,8.5596e-06,6.5612e-06,8.4454e-06,1.0079,1.0014
-0.14527,0.66853,-0.73551,8.4354e-06,6.5196e-06,8.6916e-06,1.0079,1.0014
-0.14528,0.66849,-0.7355,8.3787e-06,6.4654e-06,8.9013e-06,1.0076,1.0014
-0.1452,0.66856,-0.73557,7.9525e-06,6.6849e-06,9.6794e-06,1.0104,1.0003
-0.14527,0.6686,-0.73555,8.3939e-06,6.3491e-06,9.7863e-06,1.0098,0.99989
-0.14525,0.66839,-0.73572,8.4512e-06,6.8323e-06,9.8263e-06,1.0103,1.0002
-0.14525,0.66834,-0.73574,8.6014e-06,6.8626e-06,9.6354e-06,1.0098,1.0002
-0.14524,0.66833,-0.73584,8.83e-06,6.8054e-06,9.6935e-06,1.0077,1.0014
-0.14531,0.66819,-0.73592,8.6668e-06,6.7196e-06,9.5547e-06,1.0077,1.0013
-0.14531,0.66814,-0.73612,8.8818e-06,6.5947e-06,8.9255e-06,1.008,1.0015
-0.14541,0.66809,-0.73604,9.0651e-06,6.5062e-06,8.8559e-06,1.0078,1.0014
-0.1455,0.6681,-0.73604,9.4396e-06,6.3105e-06,8.9025e-06,1.0083,1.0003
-0.14556,0.6681,-0.73611,9.1567e-06,6.2945e-06,8.9493e-06,1.0079,1.0016
-0.14561,0.66797,-0.73609,9.4577e-06,6.1919e-06,8.4377e-06,1.0117,0.99893
-0.14567,0.66789,-0.73611,9.5385e-06,5.8892e-06,7.9995e-06,1.0111,0.99868
-0.14568,0.66786,-0.73606,9.4939e-06,5.7185e-06,7.7905e-06,1.0114,0.99845
-0.14566,0.66783,-0.7361,9.1213e-06,5.7694e-06,7.9495e-06,1.0119,0.9986
-0.14563,0.66789,-0.73605,9.4108e-06,5.3273e-06,8.2812e-06,1.0118,0.99859
-0.14565,0.66785,-0.73583,9.8347e-06,5.3435e-06,9.1557e-06,1.0096,0.99929
-0.14529,0.66754,-0.73634,1.1449e-05,1.1652e-05,1.5928e-05,1.0103,0.99824
-0.14545,0.66683,-0.737,1.2291e-05,1.8529e-05,2.0651e-05,1.0106,0.99853
-0.14566,0.66595,-0.73762,1.252e-05,2.4094e-05,2.4239e-05,1.0121,0.99753
-0.14568,0.66521,-0.73834,1.2136e-05,2.6584e-05,2.7695e-05,1.01,0.99796
-0.14577,0.66445,-0.73896,1.197e-05,2.8106e-05,2.8183e-05,1.0119,0.99771
-0.14589,0.66372,-0.73954,1.1907e-05,2.8601e-05,2.8882e-05,1.0116,0.99764
-0.14608,0.66309,-0.74013,1.2214e-05,2.8738e-05,2.8854e-05,1.0124,0.99633
-0.14622,0.66244,-0.74061,1.2204e-05,2.731e-05,2.7094e-05,1.0111,0.99681
-0.14635,0.66177,-0.7411,1.1929e-05,2.4499e-05,2.5179e-05,1.009,0.99935
-0.14641,0.66104,-0.74161,1.3506e-05,2.1932e-05,2.2981e-05,1.0092,0.99896
-0.14636,0.66055,-0.74212,1.8549e-05,1.9484e-05,2.044e-05,1.0098,0.99876
-0.14653,0.66015,-0.74254,1.8546e-05,1.5227e-05,1.5267e-05,1.0099,0.9986
-0.14706,0.6602,-0.7423,1.6018e-05,1.1043e-05,1.2408e-05,1.0094,0.99948
-0.14712,0.66065,-0.7419,1.4942e-05,1.1251e-05,1.2834e-05,1.0085,1.0002
-0.14717,0.66108,-0.74156,1.4938e-05,1.0871e-05,1.3372e-05,1.0089,0.9996
-0.14734,0.6613,-0.74117,1.5425e-05,1.0648e-05,1.245e-05,1.0089,0.99959
-0.14741,0.66162,-0.74083,1.5656e-05,1.037e-05,1.2551e-05,1.0087,0.99956
-0.14751,0.66189,-0.74044,1.5836e-05,1.0067e-05,1.1959e-05,1.0084,0.99947
-0.1475,0.66213,-0.74008,1.5857e-05,9.6032e-06,1.1534e-05,1.0088,0.99834
-0.14761,0.66234,-0.73996,1.616e-05,9.3577e-06,1.1374e-05,1.0084,0.99979
-0.14771,0.66261,-0.73969,1.6406e-05,9.0401e-06,1.1453e-05,1.0077,1.0003
-0.14789,0.663,-0.73941,1.4672e-05,7.5832e-06,1.0511e-05,1.0076,1.0004
-0.14825,0.66311,-0.73924,8.5236e-06,6.3763e-06,9.085e-06,1.0075,1.0006
-0.14825,0.66299,-0.73923,8.3865e-06,5.8505e-06,8.491e-06,1.0073,1.0005
-0.14825,0.66289,-0.73925,8.1499e-06,5.4616e-06,8.4581e-06,1.0067,1.0012
-0.14839,0.66279,-0.73924,8.2041e-06,5.57e-06,8.3603e-06,1.0067,1.001
-0.14837,0.66272,-0.73921,8.3098e-06,5.8891e-06,7.5966e-06,1.0066,1.001
-0.14831,0.66285,-0.73918,8.5924e-06,5.8417e-06,7.6284e-06,1.0067,1.0009
-0.14835,0.66282,-0.73917,8.5896e-06,5.9266e-06,7.8516e-06,1.0067,1.0008
-0.14845,0.66285,-0.7393,8.8836e-06,5.7781e-06,7.9501e-06,1.0096,0.99897
-0.14842,0.66296,-0.73936,9.035e-06,5.6964e-06,8.1643e-06,1.0077,1.0006
-0.14837,0.66301,-0.73929,9.2295e-06,5.6178e-06,7.9193e-06,1.0074,1.0006
-0.14844,0.66303,-0.73927,9.8846e-06,5.6183e-06,7.5448e-06,1.007,1.0009
-0.14839,0.6629,-0.73938,9.8636e-06,5.6055e-06,7.4522e-06,1.0069,1.0009
-0.1483,0.66288,-0.73923,9.3806e-06,5.4178e-06,7.2244e-06,1.0069,1.0008
-0.14836,0.66292,-0.73925,9.481e-06,5.6433e-06,7.2604e-06,1.007,1.0008
-0.14844,0.66288,-0.73927,9.5679e-06,5.8637e-06,7.0203e-06,1.0071,1.0009
-0.1485,0.66293,-0.73937,9.5161e-06,5.72e-06,6.7602e-06,1.0072,1.0011
-0.14845,0.66302,-0.7394,9.4522e-06,5.6617e-06,6.8813e-06,1.0072,1.0011
-0.14847,0.66294,-0.73933,9.34e-06,5.7884e-06,7.0655e-06,1.0072,1.0011
-0.14845,0.66293,-0.73937,9.5313e-06,5.7873e-06,7.2634e-06,1.0082,1.0003
-0.14839,0.66296,-0.73929,9.5302e-06,6.0064e-06,7.2764e-06,1.0072,1.001
-0.1484,0.66279,-0.73932,1.212e-05,7.0156e-06,7.196e-06,1.0071,1.0009
-0.14818,0.66244,-0.73959,1.42e-05,8.6183e-06,8.4443e-06,1.0072,1.0009
-0.1481,0.66216,-0.73977,1.384e-05,8.9776e-06,8.6395e-06,1.0071,1.0009
-0.14815,0.662,-0.73985,1.3967e-05,9.1254e-06,8.9009e-06,1.0071,1.0008
-0.1481,0.66177,-0.74014,1.4136e-05,9.4372e-06,9.0179e-06,1.0072,1.0008
-0.14809,0.66151,-0.74038,1.3632e-05,9.3752e-06,9.325e-06,1.0095,0.99971
-0.14805,0.66138,-0.7405,1.3318e-05,9.4833e-06,9.6424e-06,1.0096,0.99899
-0.14793,0.66111,-0.74063,1.2962e-05,9.3425e-06,9.7899e-06,1.0096,0.99894
-0.1479,0.66079,-0.7408,1.3004e-05,8.8934e-06,9.7691e-06,1.0092,0.99879
-0.14782,0.66056,-0.74102,1.2619e-05,8.623e-06,9.237e-06,1.0093,0.9985
-0.14783,0.66033,-0.74106,1.2158e-05,8.1995e-06,8.871e-06,1.0084,0.99838
-0.14775,0.66013,-0.74128,1.1946e-05,7.212e-06,8.5992e-06,1.0087,0.99839
-0.14777,0.65998,-0.7413,9.2502e-06,5.9971e-06,8.108e-06,1.0094,0.99811
-0.14801,0.66012,-0.74112,7.0102e-06,5.5516e-06,7.9156e-06,1.0095,0.99804
-0.14802,0.66013,-0.74121,6.5395e-06,5.5763e-06,8.4223e-06,1.0078,0.99923
-0.14803,0.66017,-0.7412,6.7675e-06,5.7679e-06,8.7528e-06,1.0081,0.99925
-0.1481,0.66032,-0.7412,6.8402e-06,5.9459e-06,8.8865e-06,1.0082,0.99933
-0.14803,0.66046,-0.74108,6.7856e-06,6.1271e-06,8.922e-06,1.0107,0.99843
