0.038493,0.38087,0.96239,6.1354e-06,1.9919e-05,8.5036e-06,1.0429,1.0276
0.038575,0.38164,0.9621,7.1851e-06,3.1879e-05,9.6435e-06,1.0443,1.0269
0.038608,0.38101,0.96228,1.7003e-05,6.4273e-05,1.2341e-05,1.0432,1.0279
0.038808,0.38037,0.96238,2.2029e-05,7.5198e-05,1.3805e-05,1.0443,1.0259
0.038726,0.37955,0.96266,2.2586e-05,9.6137e-05,1.6676e-05,1.0425,1.0262
0.038862,0.37784,0.96327,2.5003e-05,0.00013329,2.0778e-05,1.0448,1.0257
0.039192,0.37763,0.96338,2.8087e-05,0.00013713,2.1912e-05,1.0412,1.0298
0.03914,0.37648,0.96376,3.1189e-05,0.00016054,2.3338e-05,1.0411,1.0294
0.038955,0.37537,0.96402,3.5437e-05,0.00034705,4.5847e-05,1.0413,1.0294
0.038942,0.37489,0.96428,3.5448e-05,0.00034585,4.4938e-05,1.0396,1.0312
0.039022,0.37409,0.96455,3.5028e-05,0.00033756,4.3921e-05,1.0398,1.0312
0.03891,0.37321,0.96461,3.5303e-05,0.00032885,4.4122e-05,1.0396,1.031
0.038857,0.3724,0.96477,3.5498e-05,0.00031954,4.3612e-05,1.0446,1.0277
0.038741,0.37085,0.96518,3.4422e-05,0.00028236,4.0958e-05,1.0428,1.0261
0.038721,0.3708,0.96522,2.4438e-05,0.0002537,3.7974e-05,1.0383,1.0315
0.038476,0.37073,0.96532,1.9337e-05,0.00024811,3.7024e-05,1.0438,1.028
0.038435,0.37106,0.9651,1.8625e-05,0.00023702,3.5437e-05,1.043,1.0286
0.038223,0.3722,0.9647,1.5957e-05,0.00021896,3.3055e-05,1.0436,1.0284
0.037882,0.37203,0.96476,1.2457e-05,0.00021514,3.2715e-05,1.0412,1.0286
0.038016,0.37277,0.96445,9.6064e-06,0.00020068,3.1954e-05,1.0381,1.0317
0.038116,0.3732,0.96423,5.1614e-06,1.4759e-05,8.8189e-06,1.0383,1.0311
0.038261,0.37311,0.96423,5.2042e-06,1.4654e-05,8.7892e-06,1.0382,1.031
0.038349,0.37283,0.96423,5.4181e-06,1.4276e-05,9.0573e-06,1.0381,1.0309
0.03842,0.37264,0.96437,5.4989e-06,1.3749e-05,8.8017e-06,1.0379,1.0315
0.038505,0.3724,0.96438,5.4138e-06,1.4396e-05,8.7762e-06,1.038,1.031
0.038591,0.37215,0.96439,5.3573e-06,1.3955e-05,8.6511e-06,1.0386,1.0304
0.038703,0.37248,0.96432,5.6023e-06,2.1966e-05,9.0789e-06,1.0388,1.0303
0.038917,0.37377,0.96397,6.7306e-06,4.1388e-05,9.6623e-06,1.0389,1.0306
0.039232,0.37511,0.96371,7.4077e-06,6.1975e-05,1.0899e-05,1.0407,1.0296
0.039295,0.37629,0.96339,7.4986e-06,7.2787e-05,1.1964e-05,1.0408,1.0298
0.039514,0.37749,0.96303,7.287e-06,8.0032e-05,1.1228e-05,1.0405,1.0296
0.039721,0.37875,0.96278,7.5494e-06,8.4515e-05,1.1277e-05,1.0387,1.0323
0.039882,0.38012,0.96259,7.5089e-06,8.8302e-05,1.1317e-05,1.0409,1.0306
0.039946,0.38135,0.96232,7.5072e-06,8.6548e-05,1.1499e-05,1.0412,1.0306
0.040118,0.38262,0.96199,7.4523e-06,7.9439e-05,1.0853e-05,1.0393,1.033
0.040369,0.38394,0.96163,6.9361e-06,6.9458e-05,9.9323e-06,1.0396,1.0331
0.04044,0.38538,0.96128,6.6799e-06,5.1476e-05,9.5046e-06,1.0398,1.0333
0.040575,0.3868,0.96107,6.3893e-06,3.2206e-05,8.4343e-06,1.04,1.0337
0.040641,0.38773,0.96103,6.1585e-06,1.9163e-05,8.3299e-06,1.0402,1.0339
0.040648,0.38774,0.96108,5.351e-06,1.6924e-05,8.4491e-06,1.0413,1.0329
0.040508,0.38754,0.9612,4.8453e-06,1.3599e-05,8.1375e-06,1.0413,1.0331
0.04059,0.38754,0.96121,4.6588e-06,1.2515e-05,8.139e-06,1.0413,1.0332
0.04056,0.3876,0.9612,4.7583e-06,1.2108e-05,8.7529e-06,1.0413,1.0332
0.04045,0.38752,0.96118,4.6049e-06,1.1304e-05,9.1441e-06,1.0412,1.0332
0.040425,0.38728,0.96112,4.7405e-06,1.1242e-05,9.3937e-06,1.0409,1.0329
0.040384,0.38728,0.96114,4.8473e-06,1.1455e-05,9.0497e-06,1.0403,1.0338
0.040301,0.38728,0.96122,4.8456e-06,1.1201e-05,9.0796e-06,1.0409,1.033
0.040303,0.38717,0.96126,4.7995e-06,1.0854e-05,9.1528e-06,1.0407,1.033
0.040363,0.3871,0.96128,4.8738e-06,1.1275e-05,9.1802e-06,1.0438,1.0307
0.040286,0.38707,0.96119,4.9354e-06,1.1508e-05,9.1945e-06,1.0405,1.0329
0.040191,0.38682,0.96115,4.983e-06,1.215e-05,9.1862e-06,1.0439,1.0301
0.040069,0.38673,0.96122,5.0954e-06,1.1859e-05,9.0589e-06,1.0438,1.0306
0.040109,0.38665,0.9612,5.345e-06,1.2074e-05,9.0498e-06,1.0418,1.0319
0.040031,0.3865,0.96125,5.1753e-06,1.2406e-05,8.9086e-06,1.0418,1.0318
0.039987,0.38639,0.96132,5.2168e-06,1.2399e-05,8.543e-06,1.0414,1.0324
0.039952,0.38637,0.96144,5.194e-06,1.2444e-05,8.3997e-06,1.0415,1.0326
0.039962,0.38633,0.96145,5.1052e-06,1.2404e-05,7.9277e-06,1.0415,1.0328
0.039986,0.38617,0.96149,5.0879e-06,1.2122e-05,8.4584e-06,1.0416,1.0327
0.039981,0.38611,0.96155,5.2864e-06,1.2246e-05,8.3661e-06,1.0411,1.0334
0.040009,0.38613,0.96149,5.3136e-06,1.2288e-05,8.4644e-06,1.041,1.0334
0.040028,0.38596,0.96148,5.1987e-06,1.2941e-05,8.3943e-06,1.041,1.0333
0.040013,0.38588,0.96155,5.2636e-06,1.2574e-05,8.7176e-06,1.0413,1.0332
0.040019,0.38589,0.96148,5.4076e-06,1.1382e-05,8.4397e-06,1.0419,1.0324
0.040033,0.38582,0.96146,5.2774e-06,1.0842e-05,8.4855e-06,1.0419,1.0323
0.040004,0.3858,0.96147,5.3485e-06,1.0886e-05,8.5807e-06,1.0423,1.0321
0.040039,0.38586,0.96149,5.5315e-06,1.0493e-05,8.9527e-06,1.0465,1.0294
0.039936,0.38579,0.96146,5.3817e-06,1.0297e-05,8.7932e-06,1.0396,1.034
0.039951,0.3858,0.96144,5.376e-06,1.0421e-05,8.5988e-06,1.0464,1.0292
0.039917,0.38579,0.96146,5.2959e-06,1.042e-05,8.432e-06,1.0453,1.0296
0.039854,0.38585,0.96142,5.4545e-06,1.0249e-05,8.0478e-06,1.0395,1.0339
0.039849,0.38578,0.96128,5.3841e-06,1.0062e-05,7.9863e-06,1.0454,1.0289
0.039716,0.38572,0.96135,5.2303e-06,9.9279e-06,8.1657e-06,1.0457,1.0291
0.039594,0.38584,0.9614,5.1732e-06,9.2763e-06,7.981e-06,1.0463,1.0294
0.039651,0.38576,0.96147,5.0526e-06,8.9966e-06,7.5822e-06,1.0398,1.0335
0.039664,0.3857,0.96155,4.9222e-06,9.2606e-06,8.5862e-06,1.04,1.0335
0.039691,0.3857,0.96153,5.0783e-06,9.3947e-06,8.5765e-06,1.0399,1.0335
0.039764,0.38572,0.96156,5.1031e-06,9.3995e-06,8.6294e-06,1.0401,1.0336
0.039861,0.38565,0.96157,5.1491e-06,9.4588e-06,7.9821e-06,1.04,1.0336
0.039997,0.3856,0.96161,5.2109e-06,9.6388e-06,8.4455e-06,1.04,1.0335
0.039987,0.38555,0.9616,5.4074e-06,9.8346e-06,8.607e-06,1.0443,1.0303
0.039997,0.38546,0.96156,5.3915e-06,9.9825e-06,9.0112e-06,1.0446,1.0301
0.040093,0.38532,0.9616,5.3774e-06,9.9627e-06,8.6962e-06,1.044,1.0302
0.040064,0.38535,0.96158,5.2078e-06,1.0525e-05,8.9173e-06,1.0445,1.0302
0.040078,0.38533,0.96165,5.1967e-06,1.023e-05,8.5148e-06,1.0444,1.0308
0.040196,0.38527,0.96169,5.4847e-06,1.0125e-05,8.5173e-06,1.0451,1.0306
0.040254,0.38522,0.96161,5.5207e-06,1.0248e-05,8.4578e-06,1.0404,1.0331
0.040161,0.38516,0.96155,5.5702e-06,1.0123e-05,7.3172e-06,1.0396,1.0333
0.040109,0.38504,0.9614,5.4721e-06,9.7139e-06,7.5906e-06,1.0431,1.0294
0.040074,0.38495,0.96134,5.3341e-06,9.6903e-06,7.6451e-06,1.0436,1.029
0.039934,0.38486,0.96129,5.4499e-06,9.7496e-06,7.8289e-06,1.042,1.0306
0.039879,0.38485,0.96125,5.6049e-06,9.8145e-06,7.3601e-06,1.0401,1.0322
0.039872,0.38481,0.96137,5.6195e-06,9.1133e-06,7.5272e-06,1.04,1.0323
0.039826,0.38487,0.96144,5.676e-06,9.2602e-06,7.2583e-06,1.0401,1.0326
0.039797,0.38487,0.96142,5.4611e-06,9.6015e-06,7.324e-06,1.04,1.0327
0.039849,0.38471,0.9614,5.5613e-06,9.1304e-06,7.6051e-06,1.0416,1.0307
0.039872,0.38473,0.96122,5.6363e-06,9.5612e-06,7.9862e-06,1.0423,1.0307
0.039857,0.38474,0.96125,5.3453e-06,9.8002e-06,8.0053e-06,1.0422,1.0294
0.039809,0.38467,0.96135,5.4112e-06,9.6846e-06,8.3162e-06,1.0427,1.0295
0.039886,0.38469,0.96129,5.2992e-06,9.6636e-06,8.5714e-06,1.0433,1.0285
0.039942,0.3847,0.96151,5.2157e-06,9.8688e-06,8.3914e-06,1.0443,1.0289
0.039881,0.38464,0.96154,5.1824e-06,9.8952e-06,8.293e-06,1.0429,1.0308
0.039967,0.38478,0.96158,4.8902e-06,9.9517e-06,8.529e-06,1.0433,1.0306
0.039957,0.3848,0.96168,4.7383e-06,1.0397e-05,8.435e-06,1.0416,1.0316
0.039939,0.38481,0.9615,4.6633e-06,1.0869e-05,8.4787e-06,1.0411,1.0309
0.039959,0.38481,0.96148,4.5763e-06,1.0919e-05,8.3628e-06,1.0411,1.0308
0.039871,0.38481,0.96135,4.9685e-06,1.0692e-05,8.677e-06,1.0426,1.0296
0.039874,0.38488,0.96146,4.9863e-06,1.0781e-05,8.563e-06,1.0413,1.0308
0.039792,0.38487,0.96162,4.8684e-06,1.0602e-05,8.149e-06,1.0414,1.0309
0.039762,0.38477,0.96169,4.9601e-06,1.061e-05,8.6657e-06,1.042,1.0312
0.039741,0.38485,0.96151,4.9863e-06,1.0791e-05,8.6129e-06,1.0417,1.0312
0.039831,0.3848,0.96162,5.0075e-06,1.104e-05,8.5235e-06,1.043,1.0302
0.039817,0.38495,0.96154,5.0454e-06,1.1186e-05,8.5104e-06,1.0428,1.0298
0.039866,0.38501,0.96149,5.0388e-06,1.1019e-05,8.3621e-06,1.0431,1.03
0.039852,0.38498,0.96158,5.2348e-06,1.0708e-05,8.617e-06,1.0434,1.0303
0.039884,0.38498,0.96156,5.3539e-06,1.0302e-05,8.8975e-06,1.0407,1.0322
0.039936,0.38503,0.96165,5.5088e-06,1.0614e-05,8.7005e-06,1.0422,1.0312
0.039887,0.38496,0.96166,5.5589e-06,1.0589e-05,8.9421e-06,1.0396,1.0335
0.039921,0.3849,0.9617,5.1829e-06,1.0911e-05,8.6353e-06,1.042,1.0309
0.039812,0.38485,0.96168,5.182e-06,1.08e-05,8.3053e-06,1.0407,1.0323
0.039954,0.38487,0.96169,5.2862e-06,1.1213e-05,8.358e-06,1.0408,1.0323
0.039992,0.38487,0.96165,5.356e-06,1.1364e-05,7.606e-06,1.0428,1.0296
0.039986,0.38486,0.96171,5.235e-06,1.1372e-05,7.8356e-06,1.0404,1.0328
0.039964,0.38492,0.96161,5.475e-06,1.0992e-05,7.7176e-06,1.0402,1.0328
0.040004,0.38486,0.96164,5.4956e-06,1.0653e-05,7.9222e-06,1.0414,1.0319
0.039979,0.38486,0.96166,5.5521e-06,1.1047e-05,8.2582e-06,1.0417,1.0318
0.039967,0.38492,0.96152,5.4554e-06,1.1226e-05,8.0872e-06,1.0418,1.0312
0.039956,0.38493,0.96146,5.4788e-06,1.1072e-05,7.9109e-06,1.0425,1.0296
0.040018,0.38472,0.96135,5.1718e-06,1.1323e-05,7.9039e-06,1.0423,1.0292
0.040013,0.38457,0.9614,5.2569e-06,1.1395e-05,8.2122e-06,1.0408,1.0315
0.040191,0.38455,0.96148,5.5482e-06,1.1436e-05,8.102e-06,1.0408,1.0314
0.040306,0.38454,0.96149,5.5569e-06,1.1056e-05,8.3794e-06,1.0411,1.0313
0.040329,0.38456,0.96145,5.7877e-06,1.0618e-05,8.2014e-06,1.0409,1.0311
0.040284,0.38463,0.96143,5.6168e-06,1.1081e-05,8.8795e-06,1.0411,1.0307
0.040468,0.38486,0.96144,6.0758e-06,1.1599e-05,8.8591e-06,1.0432,1.0291
0.040503,0.38495,0.96138,5.9286e-06,1.2033e-05,9.019e-06,1.0414,1.0311
0.040598,0.38512,0.96128,6.0289e-06,1.2617e-05,8.809e-06,1.0436,1.0279
0.040696,0.3853,0.96123,5.8492e-06,1.2342e-05,8.7093e-06,1.0423,1.0282
0.04081,0.38548,0.96113,6.1838e-06,1.4423e-05,8.7892e-06,1.0429,1.0302
0.04091,0.38593,0.96105,6.8373e-06,1.7909e-05,9.1112e-06,1.0431,1.03
0.040987,0.38637,0.9611,7.1045e-06,1.7223e-05,9.1738e-06,1.0437,1.0301
0.041052,0.38695,0.96094,6.7368e-06,1.6492e-05,8.8156e-06,1.0419,1.0316
0.040862,0.38728,0.9608,6.7343e-06,1.5401e-05,8.8202e-06,1.0436,1.0305
0.040776,0.3876,0.96075,6.8299e-06,1.4787e-05,8.6444e-06,1.0405,1.0329
0.040862,0.38794,0.96062,6.9183e-06,1.4673e-05,8.8502e-06,1.0403,1.0327
0.041002,0.38839,0.96058,6.8733e-06,1.3618e-05,8.3408e-06,1.0405,1.033
0.040915,0.38853,0.96058,6.4087e-06,1.3163e-05,7.9037e-06,1.0416,1.0321
0.040947,0.38884,0.96042,6.5674e-06,1.2812e-05,8.6689e-06,1.0415,1.0317
0.040878,0.38904,0.96033,6.7264e-06,1.2673e-05,9.0708e-06,1.0423,1.0311
0.040811,0.38923,0.96028,6.8885e-06,1.2316e-05,8.916e-06,1.0407,1.0329
0.040758,0.38944,0.96036,6.5375e-06,1.1465e-05,8.3819e-06,1.0416,1.032
0.04072,0.38933,0.96035,5.7173e-06,9.6031e-06,7.828e-06,1.041,1.0329
0.040628,0.38941,0.96033,5.3452e-06,9.4945e-06,7.8336e-06,1.041,1.0328
0.040716,0.38946,0.96038,5.558e-06,9.6679e-06,7.9468e-06,1.0409,1.0329
0.040867,0.38957,0.96049,5.6207e-06,9.1392e-06,8.2578e-06,1.0425,1.0321
0.040912,0.38971,0.96044,5.3678e-06,9.4203e-06,8.0725e-06,1.0425,1.0319
0.040733,0.38971,0.96058,5.0934e-06,9.8607e-06,8.4769e-06,1.0431,1.0321
0.040656,0.38955,0.96041,5.1718e-06,9.823e-06,8.4074e-06,1.0426,1.0318
0.040611,0.38957,0.96027,5.2612e-06,1.0362e-05,8.665e-06,1.0429,1.0314
0.040508,0.38949,0.96028,5.0393e-06,1.0302e-05,8.4344e-06,1.0425,1.0324
0.040451,0.38945,0.96037,4.9295e-06,1.0246e-05,7.9386e-06,1.0429,1.0318
0.04049,0.38947,0.96036,4.8507e-06,1.0397e-05,7.7663e-06,1.0424,1.0323
0.04048,0.38936,0.96036,5.0437e-06,9.8037e-06,7.9266e-06,1.0424,1.0321
0.040498,0.38937,0.96034,5.2293e-06,1.0322e-05,8.1933e-06,1.0428,1.032
0.040521,0.38937,0.96036,5.2839e-06,1.0376e-05,8.0665e-06,1.0415,1.0323
0.04048,0.3894,0.96037,5.3481e-06,1.039e-05,7.9812e-06,1.04,1.0341
0.04045,0.38954,0.96043,5.1433e-06,1.0399e-05,8.1754e-06,1.0401,1.0342
0.040555,0.3895,0.96043,5.3137e-06,1.0192e-05,8.7954e-06,1.0402,1.0342
0.040618,0.38952,0.96038,5.1531e-06,1.0111e-05,8.1876e-06,1.0417,1.0325
0.04066,0.38965,0.96045,5.2011e-06,1.0199e-05,8.2477e-06,1.042,1.0328
0.040776,0.38967,0.96048,5.2313e-06,9.9942e-06,8.0311e-06,1.0403,1.0343
0.040816,0.38964,0.96068,5.2537e-06,1.018e-05,7.706e-06,1.0405,1.0344
0.040838,0.38966,0.96059,5.2977e-06,1.0273e-05,8.1553e-06,1.0405,1.0343
0.040808,0.38963,0.96065,5.5092e-06,1.0274e-05,8.2402e-06,1.0406,1.0344
0.040816,0.38964,0.96061,5.1901e-06,1.0388e-05,8.392e-06,1.0405,1.0344
0.040823,0.38966,0.96063,4.9355e-06,1.0299e-05,8.5088e-06,1.0405,1.0345
0.040753,0.38967,0.9606,5.0582e-06,1.0045e-05,8.4521e-06,1.0405,1.0345
0.04077,0.38955,0.96056,4.7463e-06,9.9665e-06,8.5798e-06,1.0404,1.0344
0.04076,0.38943,0.96042,4.8178e-06,9.7914e-06,8.2771e-06,1.0401,1.0342
0.040696,0.38937,0.96047,4.7556e-06,9.5515e-06,7.6871e-06,1.0401,1.0342
0.040673,0.38936,0.9604,4.9467e-06,9.6128e-06,7.8376e-06,1.04,1.0341
0.040571,0.38922,0.96042,4.8378e-06,9.7119e-06,8.0903e-06,1.0434,1.0307
0.040433,0.38919,0.96047,4.6687e-06,9.4091e-06,7.9413e-06,1.0435,1.0313
0.040436,0.38913,0.96041,4.6994e-06,9.7117e-06,7.6228e-06,1.0434,1.0313
0.040466,0.38917,0.9605,4.5806e-06,9.5243e-06,7.4253e-06,1.0418,1.0326
0.040428,0.38914,0.96049,4.5172e-06,9.5815e-06,7.7273e-06,1.042,1.0326
0.040433,0.38904,0.96055,4.6286e-06,9.4713e-06,7.6349e-06,1.0434,1.0316
0.040471,0.38903,0.96057,4.6816e-06,9.3204e-06,7.2784e-06,1.0433,1.0318
0.040399,0.38889,0.96055,4.8482e-06,9.5759e-06,7.3421e-06,1.0433,1.0316
0.040321,0.38883,0.9606,4.9548e-06,9.7818e-06,7.0395e-06,1.0416,1.0328
0.040354,0.38888,0.96058,4.8441e-06,9.9692e-06,7.3508e-06,1.0416,1.0328
0.040326,0.38896,0.96063,4.7228e-06,1.0241e-05,7.5423e-06,1.041,1.0335
0.040368,0.38911,0.96072,4.7116e-06,1.1159e-05,7.5914e-06,1.0411,1.0337
0.04045,0.38909,0.96083,4.8289e-06,1.084e-05,7.5505e-06,1.041,1.0337
0.040503,0.38907,0.96092,5.0758e-06,1.1279e-05,7.8036e-06,1.0412,1.0336
0.040565,0.38909,0.96096,5.3131e-06,1.1079e-05,7.6907e-06,1.0411,1.0337
0.04055,0.38898,0.96098,5.2604e-06,1.0947e-05,7.4401e-06,1.0411,1.0338
0.040553,0.38891,0.96095,5.2669e-06,1.076e-05,7.1133e-06,1.0409,1.0338
0.04052,0.38886,0.96103,5.3374e-06,1.0767e-05,7.2814e-06,1.0411,1.0339
0.040436,0.38876,0.96107,5.375e-06,1.0732e-05,7.5808e-06,1.0425,1.0321
0.040561,0.38884,0.96106,5.3936e-06,1.0938e-05,7.5724e-06,1.0422,1.0323
0.040583,0.38881,0.96106,5.5056e-06,1.0668e-05,7.7471e-06,1.0428,1.0319
0.04048,0.38867,0.96124,5.5621e-06,1.0976e-05,7.4061e-06,1.0406,1.0349
0.040453,0.3885,0.96129,5.6388e-06,1.0978e-05,7.5246e-06,1.0406,1.0347
0.040351,0.38817,0.96125,5.7091e-06,9.3402e-06,7.5703e-06,1.0403,1.0346
0.040338,0.38812,0.96121,5.5603e-06,9.6986e-06,7.5597e-06,1.0428,1.0322
0.040313,0.38805,0.96116,5.3525e-06,9.2575e-06,7.6712e-06,1.043,1.032
0.040201,0.38788,0.96114,5.0366e-06,9.1158e-06,7.8271e-06,1.0428,1.0317
0.040139,0.38785,0.96104,5.1322e-06,9.216e-06,7.8984e-06,1.0427,1.0317
0.040204,0.38787,0.96114,5.1592e-06,9.4445e-06,7.8882e-06,1.0425,1.0318
0.040219,0.38803,0.96105,5.239e-06,9.6421e-06,7.5529e-06,1.0425,1.0319
0.040178,0.38807,0.96091,5.2245e-06,9.7629e-06,7.4534e-06,1.0431,1.0319
0.040154,0.38828,0.96092,4.9899e-06,1.0593e-05,7.4415e-06,1.0433,1.032
0.040176,0.38845,0.96091,4.9558e-06,1.1017e-05,7.9572e-06,1.0428,1.0323
0.040204,0.38877,0.96066,5.0488e-06,1.1325e-05,8.0475e-06,1.043,1.0326
0.040259,0.38918,0.96056,5.2325e-06,1.1998e-05,7.6148e-06,1.0417,1.0329
0.040323,0.38955,0.96032,5.2498e-06,1.2641e-05,8.3594e-06,1.0415,1.0328
0.040393,0.39002,0.96027,5.2878e-06,1.3325e-05,8.3474e-06,1.0419,1.033
0.0405,0.39038,0.96016,5.604e-06,1.3586e-05,8.2047e-06,1.0418,1.0333
0.040621,0.39054,0.96019,5.9952e-06,1.3439e-05,8.439e-06,1.0416,1.0336
0.040756,0.39051,0.96029,5.9764e-06,1.4036e-05,8.6116e-06,1.042,1.0333
0.040686,0.39035,0.96024,6.15e-06,1.4995e-05,8.714e-06,1.0455,1.0307
0.040665,0.39015,0.96027,5.9924e-06,1.6337e-05,8.8523e-06,1.0412,1.0339
0.040725,0.38997,0.96046,5.8993e-06,1.72e-05,9.2635e-06,1.0443,1.0314
0.040631,0.38958,0.96056,6.0603e-06,1.7742e-05,9.5238e-06,1.0453,1.0317
0.04062,0.38926,0.96058,5.9153e-06,1.8511e-05,8.9294e-06,1.0443,1.0315
0.0406,0.38894,0.96081,6.0555e-06,1.8425e-05,9.0424e-06,1.0425,1.0328
0.040468,0.38836,0.96079,6.1426e-06,1.8328e-05,9.2537e-06,1.0421,1.0327
0.040451,0.38778,0.96111,6.0666e-06,1.7898e-05,8.3285e-06,1.0406,1.034
0.040264,0.38721,0.96112,6.0445e-06,1.4865e-05,8.0018e-06,1.0401,1.0339
0.040194,0.38679,0.96134,5.6809e-06,1.2788e-05,8.0601e-06,1.0402,1.0338
0.040093,0.38665,0.96141,5.2436e-06,1.1481e-05,7.9835e-06,1.0425,1.032
0.039987,0.38649,0.96142,5.0931e-06,1.111e-05,8.1061e-06,1.0401,1.034
0.040078,0.3864,0.96153,5.0395e-06,1.089e-05,8.1434e-06,1.0402,1.0341
0.040073,0.38627,0.96163,5.1855e-06,1.0462e-05,8.3394e-06,1.0412,1.0332
0.040006,0.38628,0.96155,4.9857e-06,1.0117e-05,8.4509e-06,1.0412,1.0331
0.040058,0.38632,0.96149,4.9105e-06,1.0143e-05,8.2685e-06,1.0411,1.0331
0.040116,0.38633,0.96148,5.14e-06,9.991e-06,8.4999e-06,1.041,1.033
0.040061,0.38625,0.96137,5.1645e-06,9.5035e-06,8.6613e-06,1.0408,1.0327
0.040161,0.38632,0.96141,4.8679e-06,9.2036e-06,8.4823e-06,1.0408,1.0329
0.040074,0.38637,0.96126,5.0766e-06,8.5646e-06,8.812e-06,1.0406,1.0327
0.040176,0.38639,0.96129,5.0327e-06,8.762e-06,8.6952e-06,1.0406,1.0328
0.040089,0.38627,0.96118,5.0735e-06,8.5158e-06,8.3675e-06,1.0404,1.0328
0.040131,0.38618,0.96114,4.9215e-06,8.9395e-06,8.3001e-06,1.0404,1.0326
0.040104,0.38625,0.96115,4.8592e-06,9.0395e-06,8.366e-06,1.0404,1.0326
0.039992,0.38634,0.9611,4.7674e-06,9.1427e-06,8.4341e-06,1.0413,1.0315
0.040028,0.38636,0.96103,4.6335e-06,9.0728e-06,8.2254e-06,1.0395,1.0333
0.040106,0.38625,0.96103,4.7536e-06,9.6057e-06,8.0573e-06,1.0395,1.0333
0.040101,0.38616,0.96105,5.0469e-06,9.3395e-06,8.3594e-06,1.0395,1.0333
0.040023,0.38617,0.96103,5.0532e-06,9.4125e-06,8.5807e-06,1.0396,1.0333
0.040069,0.38607,0.96109,4.8412e-06,9.3783e-06,8.1621e-06,1.0405,1.0329
0.039987,0.38602,0.96116,5.0195e-06,9.5126e-06,8.4421e-06,1.0419,1.0318
0.040134,0.38598,0.96138,4.9409e-06,9.5899e-06,8.2073e-06,1.0408,1.0332
0.040029,0.386,0.96133,4.8861e-06,9.4468e-06,8.6896e-06,1.0399,1.0337
0.040064,0.38595,0.96141,4.8533e-06,9.3835e-06,8.4785e-06,1.0401,1.0336
0.040058,0.38597,0.96148,4.9607e-06,8.8803e-06,8.1454e-06,1.0402,1.0337
0.040041,0.38602,0.96148,4.9947e-06,8.829e-06,8.0364e-06,1.0401,1.0337
0.040094,0.38594,0.9614,5.0177e-06,8.9525e-06,7.7703e-06,1.04,1.0336
0.040041,0.38593,0.96131,4.9947e-06,9.1242e-06,7.8753e-06,1.0398,1.0335
0.039939,0.38595,0.96146,5.0579e-06,8.9579e-06,7.9187e-06,1.0424,1.032
0.039949,0.38587,0.96145,5.1132e-06,8.9057e-06,7.887e-06,1.0421,1.0318
0.039982,0.38583,0.96151,4.9672e-06,8.5579e-06,7.4204e-06,1.0418,1.0318
0.039922,0.38593,0.96148,5.1615e-06,8.7329e-06,7.4525e-06,1.0416,1.0319
0.039942,0.38588,0.9615,5.0953e-06,8.7381e-06,7.4081e-06,1.0419,1.0312
0.039821,0.38592,0.96141,4.9933e-06,9.0059e-06,7.0935e-06,1.0416,1.0313
0.039887,0.38581,0.96151,5.4385e-06,8.8223e-06,6.8036e-06,1.0416,1.0322
0.039897,0.38587,0.96148,5.7356e-06,8.6892e-06,6.6672e-06,1.0414,1.0321
0.039861,0.38585,0.9615,5.9116e-06,9.1756e-06,6.8162e-06,1.0415,1.0316
0.039914,0.3858,0.96144,5.9004e-06,8.9458e-06,6.9261e-06,1.0414,1.0319
0.039852,0.38582,0.96155,5.8368e-06,8.8123e-06,6.9785e-06,1.0411,1.0323
0.039759,0.38584,0.96162,5.985e-06,8.5174e-06,7.2549e-06,1.042,1.0308
0.039806,0.38578,0.96151,5.8479e-06,8.2526e-06,7.0986e-06,1.0431,1.0292
0.039776,0.38583,0.96147,5.6226e-06,8.2e-06,6.9139e-06,1.041,1.0321
0.039804,0.38583,0.96146,5.7652e-06,8.501e-06,6.9939e-06,1.0413,1.0313
0.039816,0.38571,0.96147,5.6717e-06,8.203e-06,7.3667e-06,1.0431,1.0309
0.039901,0.38569,0.96136,5.8168e-06,7.9472e-06,7.4689e-06,1.0428,1.0307
0.039974,0.3857,0.96134,5.7739e-06,7.6728e-06,7.7381e-06,1.0403,1.0329
0.039942,0.3857,0.96121,5.4565e-06,7.8054e-06,7.7131e-06,1.043,1.0289
0.039926,0.38576,0.96121,5.1322e-06,7.8864e-06,8.2119e-06,1.0413,1.0316
0.039934,0.38578,0.96101,4.7376e-06,7.878e-06,8.3619e-06,1.0412,1.0313
0.039867,0.38565,0.96101,4.8303e-06,8.2939e-06,8.2226e-06,1.0411,1.0312
0.039826,0.38557,0.96089,4.8967e-06,8.426e-06,7.9046e-06,1.0408,1.0313
0.039861,0.38551,0.96092,4.8214e-06,8.7621e-06,7.5409e-06,1.0431,1.0292
0.039777,0.38562,0.96085,5.187e-06,8.7012e-06,8.1285e-06,1.0426,1.0288
0.039829,0.38562,0.96082,5.1523e-06,8.8277e-06,8.1604e-06,1.0427,1.029
0.039794,0.38557,0.9607,4.9244e-06,8.8248e-06,8.1986e-06,1.0403,1.0308
0.039809,0.38558,0.96063,4.8828e-06,8.9082e-06,8.1051e-06,1.0403,1.0315
0.039762,0.38565,0.96069,4.7226e-06,8.979e-06,7.9768e-06,1.0405,1.0315
0.039659,0.38558,0.96067,4.5824e-06,8.7837e-06,8.1118e-06,1.0403,1.0317
0.039657,0.38552,0.96079,4.5192e-06,8.9916e-06,8.2336e-06,1.0396,1.0326
0.039639,0.38544,0.96076,4.46e-06,8.8773e-06,7.8956e-06,1.0395,1.0326
0.039704,0.38533,0.96083,4.7294e-06,8.9607e-06,7.9269e-06,1.0408,1.0311
0.039701,0.38539,0.96077,4.7406e-06,8.6698e-06,8.0464e-06,1.0396,1.0326
0.039826,0.38543,0.96092,4.8566e-06,8.4467e-06,8.4114e-06,1.0398,1.0325
0.039844,0.38538,0.961,4.7719e-06,8.4701e-06,8.6534e-06,1.0399,1.0325
0.039947,0.38527,0.96107,4.8972e-06,8.5228e-06,8.1386e-06,1.0397,1.0326
0.039882,0.38519,0.9612,4.7531e-06,8.5354e-06,8.0372e-06,1.0414,1.0316
0.039849,0.38509,0.96128,4.6651e-06,8.6829e-06,7.9261e-06,1.0416,1.0318
0.039937,0.385,0.96129,4.8887e-06,8.5654e-06,7.7119e-06,1.0396,1.0327
0.039852,0.38491,0.9613,4.9907e-06,8.4755e-06,7.859e-06,1.0395,1.0327
0.039941,0.38489,0.96131,4.9462e-06,8.5581e-06,7.691e-06,1.0419,1.0301
0.039967,0.38489,0.96132,4.9771e-06,8.6459e-06,7.9076e-06,1.0403,1.0325
0.039989,0.38482,0.9613,5.0681e-06,8.5514e-06,8.103e-06,1.0403,1.0325
0.039891,0.38489,0.96139,4.891e-06,8.4784e-06,8.0169e-06,1.0405,1.0325
0.039916,0.38485,0.9615,4.8523e-06,8.2059e-06,7.9879e-06,1.0406,1.0327
0.039784,0.38483,0.96145,4.8326e-06,8.2637e-06,7.6613e-06,1.0404,1.0327
0.039902,0.38486,0.96127,5.0464e-06,7.9239e-06,7.508e-06,1.0403,1.0329
0.039806,0.38476,0.96122,4.7777e-06,7.9804e-06,7.681e-06,1.0402,1.0327
0.039797,0.38481,0.96107,4.9895e-06,8.0063e-06,8.0971e-06,1.04,1.0325
0.039779,0.38487,0.96117,5.0792e-06,8.0966e-06,8.2424e-06,1.0438,1.0305
0.039694,0.38493,0.9613,4.8565e-06,8.4951e-06,8.4139e-06,1.0405,1.0327
0.039721,0.38491,0.96126,4.7134e-06,8.3253e-06,8.601e-06,1.0405,1.0326
0.039714,0.38488,0.96133,4.873e-06,8.3289e-06,8.9469e-06,1.0403,1.033
0.039687,0.38493,0.96128,4.989e-06,8.1959e-06,8.6451e-06,1.0403,1.0327
0.039644,0.385,0.96149,4.994e-06,8.3173e-06,8.5989e-06,1.0418,1.0313
0.039596,0.3849,0.96142,5.163e-06,8.28e-06,8.4027e-06,1.0415,1.0311
0.039616,0.38496,0.96138,5.0931e-06,8.9178e-06,8.4177e-06,1.0411,1.0311
0.039742,0.38487,0.96137,5.203e-06,9.1095e-06,9.2852e-06,1.0406,1.0322
0.039651,0.38474,0.96146,4.9055e-06,9.332e-06,9.5979e-06,1.0418,1.0304
0.039696,0.38469,0.96153,4.8359e-06,9.4638e-06,9.4009e-06,1.0405,1.0323
0.039689,0.38457,0.9617,4.6875e-06,9.4944e-06,9.2649e-06,1.0409,1.0323
0.039687,0.38446,0.96164,4.765e-06,9.2044e-06,9.2109e-06,1.0407,1.0322
0.039596,0.38439,0.96155,5.0192e-06,9.2994e-06,9.0417e-06,1.0405,1.0319
0.039602,0.38434,0.96161,5.1186e-06,9.6475e-06,8.4935e-06,1.0409,1.0312
0.03951,0.3842,0.96156,4.9057e-06,9.8261e-06,8.0891e-06,1.041,1.0292
0.039447,0.38402,0.9617,4.725e-06,9.7011e-06,8.3081e-06,1.0407,1.0317
0.039445,0.38383,0.96159,4.6511e-06,9.471e-06,8.3303e-06,1.0405,1.0313
0.039467,0.38381,0.96165,4.5842e-06,9.4043e-06,8.4864e-06,1.0408,1.0311
0.03936,0.38366,0.96169,4.7729e-06,8.5914e-06,8.2932e-06,1.0407,1.0313
0.03917,0.38363,0.96183,4.5508e-06,8.4186e-06,8.3571e-06,1.0421,1.0297
0.039147,0.38366,0.96186,4.5935e-06,8.5407e-06,8.212e-06,1.0412,1.0313
0.03918,0.38372,0.96201,4.7185e-06,8.6166e-06,8.5938e-06,1.0418,1.0313
0.039217,0.3836,0.96207,4.8333e-06,8.243e-06,8.3144e-06,1.0405,1.0323
0.039224,0.38352,0.96215,4.8174e-06,8.4614e-06,8.3865e-06,1.0439,1.0299
0.039267,0.38352,0.96228,4.7989e-06,7.9038e-06,8.3809e-06,1.0421,1.0317
0.039264,0.38346,0.96229,4.757e-06,7.849e-06,8.7219e-06,1.0402,1.0335
0.039344,0.38354,0.96234,4.9943e-06,8.0168e-06,8.7117e-06,1.0412,1.0325
0.0394,0.38355,0.96234,4.9356e-06,7.8507e-06,8.6881e-06,1.0413,1.0323
0.039437,0.38351,0.96233,5.0041e-06,7.797e-06,9.074e-06,1.0414,1.0322
0.039457,0.38339,0.96229,5.2182e-06,7.5208e-06,9.2269e-06,1.0401,1.0332
0.039537,0.38329,0.96231,4.8994e-06,7.6984e-06,9.3098e-06,1.0475,1.0299
0.039607,0.38323,0.96221,4.6898e-06,7.773e-06,8.7802e-06,1.042,1.0306
0.039697,0.38321,0.96222,4.7919e-06,7.8899e-06,8.7682e-06,1.0421,1.0306
0.039736,0.38314,0.96218,4.6606e-06,7.7912e-06,8.6722e-06,1.0407,1.0323
0.039744,0.38317,0.96217,4.597e-06,8.2117e-06,8.7451e-06,1.0407,1.0322
0.039711,0.38322,0.96216,4.6267e-06,8.5113e-06,8.7109e-06,1.0396,1.0329
0.039796,0.38315,0.96202,4.5757e-06,8.7074e-06,8.6058e-06,1.0396,1.0327
0.039811,0.38309,0.96205,4.7816e-06,8.7866e-06,8.3296e-06,1.0399,1.0323
0.039774,0.38302,0.96211,4.7572e-06,8.5567e-06,8.2003e-06,1.0399,1.0323
0.039751,0.38298,0.96194,4.9218e-06,9.1362e-06,8.207e-06,1.0419,1.0305
0.039692,0.38302,0.96187,4.9373e-06,9.1895e-06,7.7487e-06,1.0396,1.0323
0.039667,0.38304,0.96193,4.7775e-06,9.3262e-06,7.4107e-06,1.0397,1.0325
0.039634,0.38304,0.96199,4.8657e-06,9.2426e-06,7.3568e-06,1.0428,1.0295
0.039721,0.3831,0.96198,4.9508e-06,9.1641e-06,7.398e-06,1.0425,1.0304
0.039657,0.3831,0.96198,4.8637e-06,8.8249e-06,7.4702e-06,1.042,1.0305
0.039542,0.38316,0.96189,4.8325e-06,8.8877e-06,7.3809e-06,1.0416,1.0312
0.039525,0.38322,0.96181,4.8258e-06,8.9106e-06,7.5321e-06,1.0422,1.0302
0.039482,0.38329,0.96179,4.81e-06,8.3502e-06,7.5363e-06,1.0428,1.0303
0.03947,0.38332,0.96191,4.8254e-06,8.568e-06,7.7966e-06,1.0436,1.0297
0.039365,0.38346,0.9618,4.7579e-06,8.3259e-06,8.1446e-06,1.0437,1.0299
0.039317,0.38346,0.96168,4.9133e-06,8.5354e-06,8.4812e-06,1.0418,1.0305
0.039319,0.38351,0.96182,4.8872e-06,8.025e-06,8.3744e-06,1.042,1.0304
0.039312,0.38353,0.96181,5.0348e-06,8.1422e-06,8.5206e-06,1.042,1.0304
0.039322,0.38354,0.96186,4.9589e-06,8.3059e-06,8.9224e-06,1.0427,1.0302
0.03936,0.38363,0.96187,4.9e-06,8.4013e-06,9.0804e-06,1.04,1.0324
0.039384,0.38361,0.96195,4.9075e-06,8.9628e-06,8.9048e-06,1.0407,1.0321
0.039384,0.38363,0.96196,5.0245e-06,9.2936e-06,8.4665e-06,1.0408,1.032
0.039452,0.38358,0.96192,5.0937e-06,9.3077e-06,8.0693e-06,1.0407,1.032
0.039412,0.38362,0.96198,4.982e-06,9.2992e-06,7.693e-06,1.0405,1.0321
0.03947,0.38357,0.96194,4.9023e-06,9.5564e-06,7.6663e-06,1.0397,1.0326
0.039499,0.38357,0.96181,4.8013e-06,9.3783e-06,7.5191e-06,1.0396,1.0324
0.039646,0.38362,0.9619,4.7494e-06,9.4711e-06,7.4668e-06,1.0397,1.0326
0.039656,0.38362,0.96206,4.4528e-06,9.6075e-06,7.5538e-06,1.0396,1.0335
0.039647,0.38357,0.96207,4.4113e-06,1.0368e-05,7.7426e-06,1.0396,1.0336
0.039667,0.38354,0.96217,4.2357e-06,1.0206e-05,7.9704e-06,1.0396,1.0336
0.039847,0.38395,0.96205,4.7163e-06,1.2924e-05,7.954e-06,1.0418,1.0308
0.039966,0.38443,0.96178,4.9652e-06,1.5515e-05,8.4762e-06,1.04,1.0326
0.039929,0.38478,0.96167,4.959e-06,1.6061e-05,8.3661e-06,1.0399,1.0332
0.039999,0.38508,0.96154,4.8281e-06,1.6464e-05,8.9226e-06,1.0411,1.0313
0.040088,0.3855,0.96144,4.8546e-06,1.7086e-05,8.9801e-06,1.0413,1.0316
0.040138,0.38571,0.96142,4.9202e-06,1.6697e-05,9.3889e-06,1.0416,1.0313
0.040176,0.38593,0.96147,5.1263e-06,1.6196e-05,9.5781e-06,1.0417,1.0314
0.040203,0.38616,0.96149,5.0577e-06,1.5776e-05,9.4188e-06,1.0403,1.0335
0.040194,0.38638,0.96147,4.9485e-06,1.5725e-05,9.2395e-06,1.0421,1.0314
0.040283,0.38676,0.96129,4.8702e-06,1.5522e-05,8.7218e-06,1.0417,1.0318
0.040346,0.38716,0.96115,5.0752e-06,1.359e-05,8.5588e-06,1.0407,1.0331
0.040396,0.38817,0.96083,5.1382e-06,1.7606e-05,9.0172e-06,1.0434,1.0309
0.040396,0.38853,0.96067,5.1951e-06,1.8264e-05,9.1747e-06,1.0421,1.0318
0.040283,0.38831,0.96083,5.9571e-06,2.4686e-05,9.4348e-06,1.0423,1.032
0.040148,0.38758,0.9609,6.3794e-06,3.1323e-05,9.8894e-06,1.0418,1.0317
0.040033,0.38684,0.96113,6.9127e-06,3.7884e-05,1.0266e-05,1.0421,1.0318
0.039914,0.38599,0.96133,6.78e-06,4.3257e-05,1.0549e-05,1.042,1.0319
0.039797,0.38526,0.9615,6.9727e-06,4.8931e-05,1.1491e-05,1.043,1.0314
0.039676,0.38454,0.96162,7.1162e-06,5.3528e-05,1.1847e-05,1.0438,1.0305
0.039505,0.38378,0.96183,7.2364e-06,5.7431e-05,1.2595e-05,1.0436,1.03
0.039459,0.38294,0.96209,7.2819e-06,5.9612e-05,1.3126e-05,1.0436,1.0298
0.039379,0.38207,0.96226,7.451e-06,5.8505e-05,1.3032e-05,1.0436,1.0298
0.039319,0.38117,0.96233,7.1112e-06,5.7797e-05,1.285e-05,1.0436,1.0298
0.039215,0.3797,0.96278,6.966e-06,3.9367e-05,1.1344e-05,1.0433,1.0298
0.03898,0.37834,0.96301,6.3198e-06,2.4334e-05,1.0054e-05,1.0432,1.0296
0.038898,0.3776,0.96307,5.3498e-06,1.0892e-05,9.4838e-06,1.0422,1.0294
0.038938,0.37749,0.9632,5.2352e-06,1.054e-05,9.2978e-06,1.0418,1.0299
0.038783,0.37741,0.96319,4.8426e-06,1.1205e-05,8.8881e-06,1.0444,1.027
0.038715,0.37736,0.9633,4.9393e-06,1.0988e-05,9.1232e-06,1.0441,1.0272
0.038818,0.37732,0.96324,4.8872e-06,1.084e-05,8.2356e-06,1.0421,1.0282
0.038862,0.37735,0.96325,4.6631e-06,1.0753e-05,8.4503e-06,1.0407,1.0297
0.038947,0.37737,0.96325,4.516e-06,9.9238e-06,8.34e-06,1.0434,1.0278
0.039022,0.37734,0.96319,4.6151e-06,9.895e-06,8.0614e-06,1.0403,1.0297
0.038983,0.37735,0.96331,4.4607e-06,1.0145e-05,8.1293e-06,1.0417,1.0271
0.039042,0.3774,0.96356,4.5683e-06,1.0002e-05,7.931e-06,1.0393,1.0317
0.03903,0.37745,0.96353,4.4396e-06,1.0237e-05,7.6761e-06,1.0409,1.0297
0.038987,0.37748,0.96363,4.6984e-06,1.0191e-05,7.606e-06,1.0403,1.0304
0.03903,0.37748,0.96381,4.7941e-06,1.0021e-05,7.1676e-06,1.0398,1.0314
0.039053,0.3774,0.96388,4.71e-06,9.5521e-06,7.0933e-06,1.0417,1.0298
0.03915,0.3774,0.96392,4.867e-06,9.0684e-06,7.0581e-06,1.042,1.029
0.039165,0.37737,0.96384,4.7478e-06,9.2813e-06,7.1975e-06,1.0393,1.0324
0.039067,0.37741,0.96394,4.736e-06,9.6671e-06,7.5247e-06,1.0403,1.0313
0.039048,0.37732,0.9638,4.8624e-06,9.3521e-06,7.384e-06,1.0395,1.0321
0.039013,0.37726,0.96375,4.8907e-06,9.8286e-06,7.2793e-06,1.0394,1.0322
0.038948,0.37727,0.96372,4.8055e-06,9.5585e-06,7.3769e-06,1.0386,1.0328
0.03903,0.37726,0.96368,4.9045e-06,9.4474e-06,7.5267e-06,1.0386,1.0327
0.038912,0.3773,0.96354,4.788e-06,9.8307e-06,7.5841e-06,1.0391,1.032
0.038883,0.37722,0.96359,4.8924e-06,9.9973e-06,7.3046e-06,1.0392,1.0321
0.038903,0.37727,0.96363,4.7876e-06,1.008e-05,7.248e-06,1.0398,1.031
0.038815,0.37719,0.96351,4.6952e-06,1.0627e-05,7.1681e-06,1.041,1.0292
0.03874,0.37714,0.96338,4.8158e-06,1.1153e-05,7.2973e-06,1.0396,1.0308
0.03869,0.37714,0.9634,4.5098e-06,1.0814e-05,7.1755e-06,1.0412,1.0293
0.038643,0.37702,0.96346,4.703e-06,1.0556e-05,6.7811e-06,1.0415,1.0294
0.038671,0.37695,0.96339,4.8396e-06,1.0123e-05,6.4454e-06,1.039,1.0319
0.038595,0.37701,0.96344,4.8051e-06,1.0537e-05,6.3028e-06,1.0416,1.0298
0.038648,0.37695,0.96345,4.9761e-06,1.0782e-05,6.42e-06,1.0404,1.0298
0.038548,0.37694,0.9634,4.9694e-06,1.1263e-05,6.9046e-06,1.04,1.0312
0.038483,0.37688,0.96332,4.8369e-06,1.1278e-05,7.1116e-06,1.04,1.031
0.038473,0.37677,0.9633,4.7656e-06,1.0864e-05,7.2604e-06,1.0399,1.031
0.038515,0.37668,0.96327,4.9761e-06,1.0569e-05,7.6516e-06,1.0398,1.0306
0.038568,0.37663,0.96333,4.7677e-06,1.0785e-05,8.3282e-06,1.0399,1.0307
0.038676,0.37656,0.96339,5.1459e-06,1.031e-05,8.2353e-06,1.0398,1.0308
0.038676,0.37659,0.96326,5.0355e-06,1.0051e-05,8.3603e-06,1.0395,1.0307
0.038773,0.37644,0.96323,5.2489e-06,1.0022e-05,8.6753e-06,1.0407,1.0291
0.038882,0.37646,0.96317,5.2381e-06,1.0289e-05,8.8102e-06,1.0406,1.0295
0.038887,0.37645,0.96325,5.1944e-06,1.0349e-05,8.9887e-06,1.0409,1.0297
0.03896,0.37642,0.9634,5.2839e-06,9.8107e-06,9.404e-06,1.0409,1.0291
0.0389,0.37645,0.96331,5.1646e-06,9.5184e-06,9.4301e-06,1.0409,1.0295
0.03891,0.37639,0.96329,5.0635e-06,9.1607e-06,9.1166e-06,1.0408,1.0293
0.038912,0.37636,0.96324,4.992e-06,8.9466e-06,8.7105e-06,1.0405,1.0293
0.038927,0.37638,0.96324,5.2145e-06,8.9713e-06,8.9443e-06,1.0408,1.0293
0.038915,0.37646,0.96335,5.0363e-06,9.4877e-06,8.8674e-06,1.0406,1.0302
0.038823,0.37648,0.96322,4.9144e-06,9.2258e-06,8.5136e-06,1.039,1.0306
0.038833,0.37646,0.96325,4.7145e-06,9.4265e-06,8.7112e-06,1.0389,1.0306
0.038928,0.37645,0.96337,4.8218e-06,9.4214e-06,8.5244e-06,1.0402,1.0303
0.038895,0.37649,0.96343,4.7068e-06,9.3695e-06,8.872e-06,1.0406,1.0301
0.038817,0.37649,0.96349,4.5537e-06,8.9034e-06,9.3587e-06,1.0407,1.03
0.038833,0.37646,0.96338,4.4302e-06,8.8399e-06,9.337e-06,1.0404,1.0299
0.038918,0.37647,0.96331,4.2645e-06,8.9104e-06,8.9384e-06,1.0404,1.0297
0.038973,0.37645,0.96343,4.3927e-06,8.5131e-06,8.8672e-06,1.0401,1.0299
0.039058,0.37644,0.96344,4.3569e-06,8.0457e-06,9.2677e-06,1.0382,1.0323
0.039087,0.37647,0.96352,4.4499e-06,8.207e-06,9.1049e-06,1.0383,1.0324
0.03913,0.37643,0.96353,4.4399e-06,8.1307e-06,8.6885e-06,1.0399,1.0308
0.039085,0.37636,0.96351,4.5655e-06,7.8682e-06,8.8904e-06,1.04,1.0306
0.039045,0.37623,0.96359,4.8424e-06,8.2804e-06,8.3467e-06,1.0394,1.0311
0.03893,0.37622,0.9636,4.8272e-06,8.1125e-06,8.1689e-06,1.0399,1.0308
0.038832,0.37621,0.96353,4.7389e-06,8.0618e-06,8.3006e-06,1.0393,1.0311
0.038792,0.37622,0.96363,4.6644e-06,8.1119e-06,7.9672e-06,1.0393,1.0315
0.038778,0.3761,0.96359,4.8585e-06,8.7026e-06,7.7839e-06,1.044,1.0282
0.038832,0.37604,0.96362,5.0132e-06,9.0294e-06,7.7788e-06,1.0438,1.0286
0.038743,0.37592,0.96368,5.0786e-06,9.4709e-06,8.0103e-06,1.0381,1.0326
0.03868,0.37589,0.96367,5.0045e-06,9.9349e-06,7.942e-06,1.0391,1.031
0.038595,0.37581,0.96366,5.1061e-06,1.0207e-05,7.5918e-06,1.0402,1.0303
0.038535,0.37563,0.96375,5.1503e-06,1.0054e-05,7.9584e-06,1.0388,1.031
0.038506,0.37554,0.96383,5.1697e-06,9.7868e-06,8.2398e-06,1.0398,1.0306
0.038578,0.37552,0.96382,5.0377e-06,9.4823e-06,8.06e-06,1.0397,1.0306
0.03871,0.37557,0.96391,5.1685e-06,9.3429e-06,8.5424e-06,1.0417,1.0288
0.038755,0.37557,0.96389,5.1002e-06,9.5745e-06,8.8457e-06,1.042,1.0285
0.038753,0.37549,0.96397,5.0441e-06,9.6581e-06,8.715e-06,1.0394,1.0313
0.038808,0.37545,0.96381,5.02e-06,9.6748e-06,8.7896e-06,1.0393,1.031
0.038815,0.37545,0.96387,4.7654e-06,9.3012e-06,8.6013e-06,1.0413,1.0288
0.038745,0.37539,0.96384,4.7869e-06,8.909e-06,8.3743e-06,1.0414,1.0279
0.038745,0.37533,0.96378,4.6632e-06,8.3268e-06,8.2237e-06,1.039,1.031
0.038798,0.3754,0.96377,4.6341e-06,8.2163e-06,8.3906e-06,1.0389,1.0313
0.038787,0.37548,0.96382,4.6436e-06,8.1065e-06,8.122e-06,1.0404,1.0298
0.038738,0.37554,0.96363,4.4854e-06,8.2444e-06,8.2202e-06,1.0401,1.0292
0.03876,0.37547,0.9636,4.5395e-06,8.9015e-06,8.1099e-06,1.0394,1.0304
0.038768,0.37539,0.96352,4.7061e-06,9.9031e-06,7.9645e-06,1.0393,1.0297
0.038907,0.3758,0.96327,5.1496e-06,1.2461e-05,8.14e-06,1.0392,1.0295
0.03917,0.37634,0.96321,6.1661e-06,1.5637e-05,7.9544e-06,1.0396,1.0299
0.039462,0.37696,0.96314,6.6804e-06,1.8573e-05,8.3994e-06,1.0389,1.0306
0.039632,0.37741,0.96303,6.9261e-06,2.0079e-05,8.3466e-06,1.0391,1.0309
0.039821,0.37799,0.96286,7.0567e-06,2.1158e-05,8.5436e-06,1.0393,1.0309
0.039951,0.37855,0.96269,6.8241e-06,2.1464e-05,8.7159e-06,1.0395,1.0308
0.040071,0.37917,0.96268,6.9731e-06,2.1775e-05,8.6056e-06,1.0396,1.0311
0.040213,0.37961,0.96248,7.1645e-06,2.1855e-05,8.629e-06,1.041,1.0291
0.040343,0.38009,0.96238,6.6692e-06,2.1263e-05,8.7166e-06,1.0414,1.0294
0.040598,0.38067,0.96239,6.3266e-06,1.9455e-05,8.5062e-06,1.0404,1.0316
0.040656,0.38123,0.96229,5.8574e-06,1.5406e-05,8.0899e-06,1.0418,1.0303
0.040758,0.38174,0.96216,5.5276e-06,1.0694e-05,7.9818e-06,1.0423,1.0303
0.040675,0.38177,0.96234,5.2973e-06,1.08e-05,8.0098e-06,1.0425,1.0307
0.040525,0.38167,0.96231,5.0499e-06,1.0808e-05,8.5472e-06,1.0406,1.0316
0.040338,0.38151,0.96228,4.868e-06,1.1107e-05,8.2738e-06,1.0404,1.0316
0.040246,0.3815,0.96228,4.8137e-06,1.056e-05,8.314e-06,1.0394,1.0324
0.040151,0.38142,0.96225,4.8469e-06,1.0472e-05,8.1192e-06,1.0407,1.0305
0.040114,0.38141,0.96231,4.9747e-06,9.9775e-06,8.1359e-06,1.0407,1.0308
0.040146,0.38125,0.96211,4.726e-06,9.909e-06,8.2889e-06,1.0403,1.0305
0.040098,0.38111,0.96212,4.6293e-06,1.0219e-05,8.0587e-06,1.0402,1.0304
0.040076,0.38101,0.96219,4.6969e-06,9.9808e-06,8.125e-06,1.0403,1.0303
0.040076,0.38093,0.96219,4.9343e-06,9.8509e-06,8.4065e-06,1.0397,1.031
0.040164,0.38098,0.96219,5.1513e-06,9.7158e-06,8.5096e-06,1.0423,1.0284
0.040194,0.38107,0.96224,5.2829e-06,1.014e-05,8.6563e-06,1.0405,1.0309
0.040171,0.381,0.96195,5.4571e-06,9.4597e-06,8.2783e-06,1.04,1.0306
0.040171,0.38109,0.96203,5.4103e-06,9.9013e-06,8.3984e-06,1.0401,1.031
0.040238,0.38114,0.96201,5.4609e-06,9.713e-06,8.3196e-06,1.0438,1.0296
0.040168,0.38117,0.96198,5.4614e-06,9.8181e-06,8.1635e-06,1.0415,1.0303
0.040181,0.38118,0.96205,5.5947e-06,9.5432e-06,8.1791e-06,1.0429,1.0283
0.040249,0.38111,0.962,5.5781e-06,9.8527e-06,8.0361e-06,1.0385,1.0326
0.040153,0.38106,0.96214,5.5572e-06,9.8934e-06,8.1486e-06,1.0412,1.0296
0.040139,0.38118,0.96219,5.4198e-06,9.4575e-06,8.2755e-06,1.0413,1.0298
0.040224,0.38123,0.96214,5.2923e-06,9.6071e-06,8.5256e-06,1.0421,1.0299
0.040091,0.38127,0.96212,5.0883e-06,9.5683e-06,8.2783e-06,1.0418,1.03
0.039976,0.38128,0.96214,5.1036e-06,9.8802e-06,8.6326e-06,1.042,1.0293
0.039894,0.38115,0.96217,5.1461e-06,9.8892e-06,8.4085e-06,1.0395,1.0317
0.039911,0.38121,0.96227,5.0535e-06,9.8129e-06,8.7954e-06,1.0398,1.0315
0.039957,0.3811,0.96208,5.0125e-06,9.4823e-06,8.3053e-06,1.0396,1.0313
0.039974,0.38112,0.96222,4.891e-06,9.3482e-06,8.8417e-06,1.0418,1.0299
0.040113,0.38111,0.96229,4.9699e-06,9.432e-06,8.8056e-06,1.0399,1.0315
0.040191,0.38102,0.96227,4.6586e-06,9.5753e-06,8.6784e-06,1.0398,1.0316
0.040149,0.38113,0.96226,4.839e-06,9.7464e-06,8.909e-06,1.0398,1.0315
0.040174,0.38117,0.96229,4.7706e-06,9.5996e-06,8.4812e-06,1.0406,1.0312
0.040166,0.38112,0.96233,4.8248e-06,9.5221e-06,8.2615e-06,1.0405,1.0311
0.040123,0.38105,0.96234,4.9983e-06,9.5446e-06,7.652e-06,1.0404,1.0312
0.040203,0.38092,0.96242,4.9641e-06,9.304e-06,7.8161e-06,1.0399,1.0314
0.040268,0.38087,0.96246,4.8524e-06,8.993e-06,7.6278e-06,1.0409,1.0299
0.040363,0.38101,0.96247,4.7935e-06,9.2036e-06,7.8777e-06,1.0413,1.03
0.040428,0.38099,0.9625,4.7245e-06,9.3946e-06,7.362e-06,1.0413,1.0307
0.040441,0.38101,0.9625,4.6569e-06,9.1848e-06,7.2944e-06,1.0415,1.0307
0.040403,0.381,0.96249,4.8892e-06,9.4596e-06,6.7803e-06,1.0388,1.0328
0.040368,0.38092,0.96252,4.8052e-06,9.5463e-06,7.1417e-06,1.0434,1.0296
0.040271,0.38094,0.96259,4.9445e-06,9.6156e-06,7.2742e-06,1.039,1.0328
0.040364,0.38078,0.96269,4.881e-06,9.0389e-06,7.2652e-06,1.041,1.0308
0.040384,0.38079,0.96273,4.9275e-06,9.5476e-06,7.646e-06,1.0417,1.0307
0.040401,0.38072,0.96269,4.9389e-06,9.4591e-06,7.6726e-06,1.0415,1.0304
0.040369,0.38077,0.96269,4.9697e-06,9.4598e-06,7.9581e-06,1.0441,1.0284
0.040351,0.3808,0.96257,5.0269e-06,9.8255e-06,7.9038e-06,1.0445,1.0285
0.040299,0.3808,0.96269,5.216e-06,1.008e-05,8.2464e-06,1.045,1.0295
0.040311,0.38066,0.96258,5.218e-06,9.4634e-06,8.1923e-06,1.0434,1.0292
0.040378,0.38064,0.96266,5.3235e-06,9.3764e-06,8.0788e-06,1.0445,1.0291
0.040349,0.38067,0.9628,5.5112e-06,9.3211e-06,8.0142e-06,1.0444,1.0299
0.040391,0.38073,0.96271,5.4077e-06,9.2347e-06,8.3215e-06,1.0413,1.0319
0.040391,0.38093,0.96272,5.4111e-06,9.3497e-06,8.1246e-06,1.0414,1.0321
0.040441,0.3811,0.96272,5.3559e-06,9.4761e-06,7.9373e-06,1.0399,1.0329
0.040288,0.38124,0.96269,5.371e-06,9.535e-06,7.6791e-06,1.0398,1.0329
0.040371,0.38122,0.96274,5.3983e-06,9.3259e-06,7.8305e-06,1.0438,1.03
0.040354,0.38133,0.96272,5.3056e-06,9.5225e-06,8.0328e-06,1.0411,1.0322
0.040411,0.38123,0.96266,5.1555e-06,9.6874e-06,8.0412e-06,1.0442,1.0296
0.04044,0.38129,0.96263,4.9977e-06,9.2851e-06,8.123e-06,1.0442,1.0299
0.040513,0.38127,0.96242,4.9793e-06,9.3628e-06,7.8529e-06,1.0424,1.0301
0.040516,0.38135,0.96259,5.053e-06,9.645e-06,8.3691e-06,1.0419,1.0314
0.04049,0.3814,0.96247,4.9845e-06,1.0184e-05,8.7318e-06,1.042,1.0314
0.040455,0.38132,0.96246,5.0237e-06,1.0402e-05,8.7308e-06,1.0418,1.031
0.04044,0.38118,0.96242,4.9409e-06,1.0334e-05,8.5671e-06,1.0442,1.0295
0.040455,0.38107,0.9624,4.91e-06,1.0226e-05,8.6786e-06,1.0421,1.0304
0.040433,0.38099,0.96233,4.856e-06,1.0014e-05,8.7598e-06,1.0418,1.0299
0.040525,0.38099,0.96239,4.7422e-06,1.0081e-05,9.1494e-06,1.0422,1.0297
0.040466,0.38104,0.96234,4.7646e-06,1.0025e-05,8.8793e-06,1.0401,1.0314
0.040501,0.38091,0.96239,5.0088e-06,1.0055e-05,9.1142e-06,1.0402,1.0315
0.040396,0.38092,0.96244,5.2753e-06,1.0145e-05,9.1573e-06,1.0417,1.0302
0.040351,0.38088,0.96241,5.1238e-06,1.0146e-05,9.0403e-06,1.0419,1.0303
0.040334,0.38081,0.96235,4.8299e-06,9.8591e-06,8.9949e-06,1.0441,1.029
0.040366,0.38086,0.96217,4.9485e-06,9.6225e-06,8.8659e-06,1.0432,1.0281
0.040294,0.38084,0.96222,4.9495e-06,9.0355e-06,9.2393e-06,1.0396,1.0316
0.040446,0.38106,0.96213,5.1227e-06,9.1283e-06,8.9889e-06,1.0401,1.0307
0.040535,0.38111,0.96218,5.2138e-06,9.1257e-06,8.8176e-06,1.0402,1.0309
0.040501,0.38102,0.96211,5.3867e-06,9.134e-06,8.7393e-06,1.0396,1.0311
0.04045,0.38077,0.96215,5.568e-06,9.6936e-06,8.6578e-06,1.0394,1.0312
0.040293,0.38045,0.96214,5.6744e-06,1.0218e-05,8.3445e-06,1.0383,1.0325
0.040304,0.38021,0.96206,5.7367e-06,1.0293e-05,8.1629e-06,1.0398,1.0304
0.040188,0.38012,0.96211,5.7666e-06,1.0339e-05,8.1178e-06,1.0396,1.031
0.040224,0.38007,0.96214,5.6368e-06,1.0226e-05,8.0741e-06,1.038,1.0324
0.040248,0.37993,0.96234,5.6674e-06,1.0048e-05,8.4143e-06,1.0422,1.0276
0.040198,0.37977,0.96258,5.633e-06,1.071e-05,8.1598e-06,1.0384,1.0327
0.040071,0.37945,0.96275,5.3578e-06,1.0479e-05,7.6674e-06,1.0397,1.0317
0.039954,0.37916,0.96283,5.4869e-06,1.051e-05,7.2027e-06,1.0411,1.03
0.039756,0.37878,0.96296,5.0032e-06,9.6677e-06,7.1478e-06,1.0413,1.0303
0.03955,0.37853,0.96302,4.8724e-06,8.9018e-06,7.3783e-06,1.0412,1.0296
0.039427,0.37844,0.96302,4.7078e-06,8.8601e-06,7.1936e-06,1.0411,1.0296
