-0.96344,0.3348,-0.10848,0.03358,0.015939,0.014862,1.3046,0.79501
-0.96384,0.31671,-0.11261,0.024441,0.0086597,0.012717,1.2814,0.80482
-0.9604,0.32511,-0.11142,0.02413,0.011121,0.012663,1.2855,0.8273
-0.95929,0.32981,-0.117,0.023917,0.010655,0.005232,1.2849,0.81412
-0.95881,0.33199,-0.12057,0.023128,0.010394,0.0060161,1.2803,0.81697
-0.95411,0.32519,-0.11552,0.02251,0.010388,0.0068541,1.2723,0.80943
-0.95868,0.32586,-0.11592,0.02157,0.009772,0.00716,1.2516,0.81799
-0.95406,0.32637,-0.12221,0.020922,0.0094218,0.007468,1.2439,0.82623
-0.95649,0.32667,-0.12622,0.021291,0.0092985,0.0074886,1.2565,0.8218
-0.95286,0.32357,-0.11977,0.021695,0.009341,0.0079652,1.2568,0.81874
-0.9494,0.33639,-0.11409,0.020719,0.011082,0.0076542,1.2415,0.84063
-0.94121,0.34258,-0.1129,0.018321,0.010585,0.0077641,1.2265,0.84062
-0.94249,0.34749,-0.11383,0.01796,0.010255,0.0079154,1.2274,0.85311
-0.94108,0.35148,-0.1151,0.016589,0.0097281,0.0081105,1.2203,0.85579
-0.94561,0.34251,-0.11735,0.016965,0.007214,0.0080629,1.2147,0.85131
-0.93903,0.34419,-0.11369,0.018165,0.00779,0.0081744,1.2144,0.8549
-0.93947,0.34543,-0.11455,0.018633,0.0080604,0.0071378,1.2191,0.86163
-0.94024,0.35241,-0.12577,0.019073,0.0075169,0.0061966,1.2287,0.86861
-0.93431,0.35093,-0.11875,0.019781,0.0077657,0.0055243,1.2434,0.85267
-0.93491,0.35658,-0.11754,0.019912,0.0079476,0.0051914,1.238,0.85526
-0.93771,0.36183,-0.11693,0.019628,0.0077367,0.0047919,1.2456,0.87093
-0.93101,0.366,-0.11739,0.01923,0.0072652,0.0042405,1.2442,0.85886
-0.93713,0.35176,-0.11961,0.020945,0.0063197,0.0043578,1.2572,0.84996
-0.94007,0.35073,-0.11997,0.021523,0.0065426,0.0043004,1.2734,0.86356
-0.94076,0.35456,-0.12397,0.021633,0.0064583,0.004414,1.2662,0.8524
-0.93669,0.35269,-0.11916,0.023257,0.0067514,0.0039361,1.286,0.84252
-0.93899,0.34863,-0.11864,0.022989,0.0068274,0.0041691,1.2852,0.84134
-0.94386,0.34796,-0.12207,0.021188,0.0063423,0.0039846,1.2956,0.84386
-0.94356,0.34588,-0.1185,0.020196,0.0062107,0.0044299,1.2908,0.85093
-0.94215,0.34484,-0.1147,0.019235,0.006187,0.0040992,1.2759,0.86303
-0.94103,0.34609,-0.12009,0.018515,0.0063574,0.0044888,1.2685,0.86425
-0.94035,0.34188,-0.11351,0.01857,0.0056629,0.0043189,1.2673,0.8595
-0.94028,0.34036,-0.11265,0.018053,0.0054161,0.0044527,1.2503,0.87395
-0.94124,0.33743,-0.11647,0.017122,0.0053465,0.0048856,1.2532,0.87473
-0.94071,0.33811,-0.11365,0.016185,0.0052343,0.0050936,1.2344,0.86643
-0.93984,0.33696,-0.11145,0.015797,0.0053639,0.0050075,1.237,0.87139
-0.94105,0.33529,-0.10918,0.014776,0.0053048,0.0048412,1.2223,0.87743
-0.94303,0.33107,-0.10925,0.013645,0.005311,0.0051538,1.2223,0.88839
-0.94255,0.32798,-0.10854,0.013914,0.0048651,0.0052052,1.2111,0.87712
-0.94519,0.32428,-0.11264,0.014118,0.0047485,0.0057278,1.2072,0.87523
-0.94207,0.33046,-0.11687,0.015427,0.0047177,0.0053774,1.2087,0.86526
-0.941,0.32719,-0.11537,0.016801,0.0047685,0.0051924,1.2253,0.8436
-0.94254,0.32706,-0.1189,0.01719,0.0051156,0.0049389,1.2282,0.84844
-0.94882,0.32692,-0.12954,0.016831,0.0052646,0.0056571,1.2306,0.8602
-0.94201,0.31984,-0.13291,0.017458,0.0054911,0.0054269,1.2386,0.84271
-0.94466,0.31836,-0.13797,0.017831,0.0054666,0.005537,1.2359,0.83537
-0.94462,0.31761,-0.14673,0.016419,0.005381,0.0049941,1.2315,0.85618
-0.94328,0.31704,-0.15623,0.01649,0.0049258,0.0049327,1.2212,0.84679
-0.9404,0.30827,-0.15923,0.016872,0.0048331,0.0047353,1.229,0.8391
-0.94102,0.30753,-0.16578,0.0165,0.0047807,0.0045389,1.2363,0.85214
-0.94475,0.30817,-0.17065,0.015453,0.0048167,0.0040773,1.2288,0.86104
-0.93858,0.30419,-0.16945,0.01559,0.0047704,0.0039723,1.238,0.84594
-0.94275,0.29513,-0.17441,0.01472,0.0043394,0.0039078,1.2262,0.84519
-0.93987,0.29524,-0.18603,0.014259,0.0049356,0.0041684,1.2308,0.84879
-0.94355,0.29412,-0.19426,0.014705,0.0042266,0.0052025,1.2371,0.85042
-0.93783,0.28981,-0.19756,0.014769,0.0043688,0.0050899,1.2364,0.84942
-0.94382,0.28868,-0.19321,0.013918,0.0044044,0.0072282,1.2148,0.87389
-0.94313,0.28857,-0.20436,0.013226,0.0043646,0.0083896,1.2035,0.87499
-0.93982,0.28564,-0.20749,0.01413,0.0040659,0.0088408,1.2156,0.87001
-0.94044,0.2817,-0.20333,0.013973,0.0039168,0.0093358,1.2038,0.86883
-0.9438,0.28541,-0.20989,0.013626,0.0037947,0.010049,1.21,0.88655
-0.94226,0.28473,-0.21308,0.013486,0.0038779,0.010927,1.1978,0.8777
-0.94044,0.27838,-0.21372,0.013689,0.0039042,0.011393,1.2074,0.87232
-0.94138,0.27798,-0.21774,0.013533,0.003918,0.011505,1.2083,0.87458
-0.94323,0.28135,-0.22315,0.012834,0.0040023,0.011585,1.2037,0.88619
-0.94314,0.27825,-0.22089,0.01212,0.0035748,0.011795,1.1962,0.88782
-0.94145,0.2735,-0.21619,0.012062,0.0035234,0.011197,1.1955,0.88023
-0.94228,0.27385,-0.21439,0.011911,0.0036443,0.011191,1.1982,0.87578
-0.94211,0.27788,-0.22867,0.012033,0.0037389,0.0086628,1.2131,0.88495
-0.94035,0.27433,-0.21776,0.01332,0.0037849,0.0078734,1.2224,0.86177
-0.94449,0.27176,-0.21699,0.013687,0.0040094,0.0076321,1.229,0.86323
-0.94337,0.27349,-0.2229,0.013548,0.0041696,0.0069867,1.2293,0.87275
-0.94049,0.27793,-0.21931,0.013752,0.0049216,0.0063871,1.2328,0.86183
-0.94024,0.28076,-0.21491,0.014807,0.0048072,0.0057546,1.2369,0.85397
-0.93784,0.28614,-0.21749,0.015759,0.0054909,0.0051704,1.2451,0.85094
-0.94044,0.28966,-0.21484,0.016072,0.0055892,0.0048616,1.2576,0.85486
-0.93592,0.2918,-0.21073,0.017659,0.0059127,0.0045696,1.2689,0.84085
-0.93388,0.29542,-0.21182,0.018627,0.0056519,0.0042136,1.2709,0.83752
-0.92858,0.3046,-0.2168,0.019363,0.0061939,0.0042615,1.2732,0.83641
-0.93126,0.31367,-0.21614,0.018867,0.0065174,0.0046314,1.2703,0.85169
-0.92591,0.3183,-0.20655,0.019622,0.0072461,0.0046634,1.2737,0.82919
-0.92635,0.32204,-0.20265,0.019126,0.0068682,0.0049013,1.2637,0.84326
-0.92301,0.33508,-0.19674,0.021065,0.0070521,0.0053974,1.258,0.82271
-0.92651,0.34101,-0.18739,0.02166,0.0070094,0.0058374,1.277,0.83962
-0.92641,0.34025,-0.18179,0.022398,0.0066836,0.0059137,1.2657,0.81343
-0.93074,0.34002,-0.17567,0.022964,0.0066714,0.0059637,1.2736,0.80595
-0.9293,0.33983,-0.17265,0.022585,0.0060992,0.0059217,1.2249,0.80929
-0.93135,0.33959,-0.17297,0.022793,0.0061026,0.0062221,1.267,0.8135
-0.93286,0.33738,-0.16403,0.023538,0.0062746,0.0065326,1.2637,0.81859
-0.93513,0.33394,-0.15831,0.023635,0.0066662,0.0061966,1.2768,0.80344
-0.94387,0.3337,-0.14926,0.022688,0.006091,0.0051855,1.269,0.82583
-0.93717,0.33464,-0.14468,0.026626,0.0059158,0.0041786,1.2943,0.80193
-0.93889,0.33455,-0.14265,0.027889,0.0054353,0.0044978,1.2902,0.79416
-0.94394,0.33604,-0.14037,0.02736,0.005299,0.0048287,1.3003,0.82495
-0.94332,0.33008,-0.14386,0.025271,0.0043887,0.0048538,1.2821,0.8108
-0.94405,0.32256,-0.14483,0.025537,0.0042803,0.0053774,1.2894,0.80088
-0.94285,0.31757,-0.14595,0.025488,0.0044435,0.0056592,1.2856,0.80386
-0.94748,0.31929,-0.15179,0.024726,0.0042749,0.0056045,1.2967,0.82889
-0.94706,0.32179,-0.14853,0.025225,0.0040842,0.0054233,1.2948,0.81666
-0.94317,0.32226,-0.1463,0.025871,0.0043062,0.0054547,1.2806,0.80227
-0.94813,0.32425,-0.15545,0.024044,0.0041447,0.0055802,1.2768,0.85183
-0.94811,0.32688,-0.15004,0.02521,0.0039477,0.0059664,1.2835,0.81867
-0.94515,0.32155,-0.15514,0.026688,0.0041962,0.0068973,1.2829,0.80486
-0.95196,0.31639,-0.15917,0.023465,0.0035575,0.0075731,1.2835,0.83869
-0.94967,0.31526,-0.16255,0.024483,0.0036,0.0073147,1.2754,0.81393
-0.94801,0.31455,-0.16578,0.026943,0.0037453,0.0068501,1.3129,0.80082
-0.94818,0.31136,-0.1634,0.02691,0.003917,0.0067352,1.3066,0.79693
-0.94979,0.31342,-0.16525,0.027486,0.0038002,0.0059954,1.32,0.8057
-0.95287,0.31,-0.15656,0.027339,0.0040087,0.006839,1.3206,0.81123
-0.94551,0.30529,-0.14998,0.027872,0.0040695,0.0070223,1.3084,0.79337
-0.95227,0.30528,-0.15117,0.026946,0.0040345,0.0072899,1.3172,0.82339
-0.95072,0.30139,-0.14956,0.027384,0.0036659,0.0068013,1.3184,0.81425
-0.94721,0.29649,-0.14556,0.027726,0.0035648,0.006584,1.3258,0.80372
-0.95233,0.29575,-0.14919,0.025386,0.0033222,0.0064705,1.3063,0.83635
-0.94866,0.296,-0.1456,0.02341,0.0030345,0.0063833,1.2678,0.83761
-0.94846,0.29137,-0.13251,0.023553,0.0030514,0.0067879,1.2593,0.82201
-0.9537,0.29094,-0.13308,0.020093,0.0026659,0.0068744,1.2617,0.84954
-0.95026,0.29129,-0.131,0.018686,0.0024428,0.00708,1.2475,0.84524
-0.9498,0.29324,-0.12547,0.019064,0.0023321,0.0077476,1.2453,0.84025
-0.95042,0.29832,-0.12806,0.018496,0.0025646,0.0080724,1.2414,0.8443
-0.94487,0.30381,-0.13667,0.018283,0.0024434,0.0078996,1.2503,0.84071
-0.94847,0.30588,-0.13996,0.018465,0.0026485,0.0081155,1.2562,0.84122
-0.94468,0.30374,-0.13933,0.017756,0.0025772,0.0079189,1.2511,0.84622
-0.94621,0.30599,-0.14603,0.01644,0.0024544,0.0084827,1.2402,0.85835
-0.94164,0.31062,-0.1492,0.016558,0.0022945,0.008674,1.2285,0.85038
-0.93758,0.31037,-0.15117,0.017253,0.0025505,0.0085572,1.2469,0.8359
-0.94203,0.311,-0.15326,0.017868,0.0025598,0.0077064,1.2536,0.84346
-0.93902,0.31205,-0.16209,0.018086,0.0025025,0.0060993,1.258,0.84101
-0.93547,0.30666,-0.16265,0.018394,0.0025949,0.0061375,1.2501,0.83222
-0.94018,0.30345,-0.16935,0.01786,0.0026007,0.0059989,1.2562,0.84633
-0.94175,0.30217,-0.17656,0.018228,0.0026255,0.0045655,1.2599,0.8358
-0.93751,0.29621,-0.17844,0.017103,0.0024728,0.0046735,1.2463,0.84557
-0.93973,0.29504,-0.18136,0.017684,0.0023851,0.0046342,1.2361,0.84284
-0.93958,0.29326,-0.18472,0.017792,0.0022323,0.0043228,1.2311,0.84064
-0.93986,0.29048,-0.1879,0.017803,0.0023645,0.0043274,1.2466,0.84131
-0.94131,0.29021,-0.18535,0.018335,0.0025196,0.0043505,1.2336,0.83559
-0.94712,0.28581,-0.17996,0.019472,0.0026531,0.0043275,1.273,0.83232
-0.94774,0.28268,-0.1716,0.019106,0.0025541,0.0055544,1.2671,0.84354
-0.95189,0.27732,-0.15772,0.020019,0.0027005,0.0067815,1.2593,0.82853
-0.95375,0.27427,-0.14837,0.019663,0.0027234,0.0079736,1.2635,0.83876
-0.95486,0.27636,-0.14894,0.020589,0.0028084,0.0079296,1.271,0.82334
-0.95265,0.28229,-0.14639,0.02176,0.0036538,0.0077224,1.2753,0.82317
-0.95174,0.28475,-0.14393,0.021498,0.0037558,0.0078692,1.2773,0.82294
-0.95463,0.28715,-0.13476,0.020991,0.0036654,0.0086825,1.2717,0.83086
-0.95283,0.28462,-0.13817,0.019368,0.0035666,0.0097384,1.2411,0.83923
-0.94886,0.28502,-0.13928,0.018357,0.0036033,0.010426,1.2529,0.84214
-0.95196,0.2899,-0.13794,0.018771,0.0038458,0.010209,1.2584,0.85345
-0.95046,0.29046,-0.13568,0.019329,0.0037524,0.011087,1.2524,0.82242
-0.94781,0.2917,-0.13411,0.017903,0.0033952,0.011244,1.2422,0.83213
-0.94976,0.29612,-0.14479,0.017887,0.0032441,0.010519,1.2424,0.83645
-0.94174,0.30136,-0.1548,0.017303,0.002968,0.0097228,1.2309,0.82902
-0.94316,0.30507,-0.16296,0.016868,0.0028067,0.0089967,1.2375,0.85123
-0.94311,0.30461,-0.16512,0.016345,0.0026513,0.0090659,1.2346,0.8506
-0.94454,0.29514,-0.16106,0.015401,0.0022816,0.0097508,1.2229,0.84336
-0.94613,0.28858,-0.15996,0.014888,0.0024006,0.0099212,1.2227,0.86292
-0.94751,0.28668,-0.16851,0.016674,0.0024571,0.0083829,1.2589,0.84739
-0.95135,0.28598,-0.16142,0.018011,0.002921,0.0081721,1.279,0.85979
-0.95196,0.28519,-0.16098,0.018353,0.0029219,0.0079041,1.2819,0.83845
-0.95281,0.28293,-0.16576,0.018225,0.0024649,0.0080584,1.2715,0.84668
-0.9508,0.28255,-0.16705,0.017791,0.0024248,0.0070549,1.272,0.84595
-0.95021,0.28153,-0.17225,0.018073,0.0024284,0.006831,1.2758,0.83928
-0.95384,0.28189,-0.17206,0.018115,0.0024157,0.0070274,1.271,0.84845
-0.95251,0.28035,-0.17392,0.018129,0.0026405,0.0071879,1.2847,0.8426
-0.95272,0.27933,-0.1784,0.019666,0.0028834,0.0068394,1.2928,0.82866
-0.95445,0.27836,-0.17695,0.019211,0.0029511,0.0073849,1.2855,0.83763
-0.95149,0.28157,-0.17683,0.020457,0.0030414,0.0066213,1.2987,0.82496
-0.94908,0.28309,-0.18459,0.020543,0.0031685,0.0068185,1.2955,0.81716
-0.94871,0.28609,-0.18364,0.020281,0.0036704,0.0075295,1.2817,0.81204
-0.94743,0.28806,-0.18487,0.020916,0.0036143,0.0066853,1.2916,0.83043
-0.94788,0.28962,-0.18236,0.021207,0.0035467,0.0073792,1.2926,0.80959
-0.94615,0.29136,-0.18164,0.020811,0.0036809,0.0073114,1.2857,0.82378
-0.94685,0.28939,-0.18138,0.020292,0.0035897,0.0073758,1.2836,0.83051
-0.94695,0.29095,-0.17651,0.020492,0.00356,0.0080146,1.2793,0.81545
-0.94552,0.28899,-0.17359,0.020428,0.0035432,0.0082882,1.2764,0.81559
-0.94843,0.29065,-0.16109,0.020548,0.0032328,0.0091142,1.2722,0.82527
-0.94697,0.28999,-0.15576,0.019652,0.002981,0.0092662,1.2487,0.81696
-0.94667,0.29612,-0.15808,0.020136,0.0034452,0.0089156,1.2644,0.81805
-0.94689,0.29591,-0.15777,0.019646,0.003607,0.0088482,1.2654,0.82228
-0.9488,0.29629,-0.15141,0.019026,0.0032259,0.0084169,1.2587,0.83391
-0.94551,0.29428,-0.15184,0.018211,0.0027223,0.0077991,1.2352,0.83616
-0.94663,0.29177,-0.15102,0.016627,0.002451,0.0080061,1.226,0.84967
-0.94987,0.2885,-0.14702,0.015343,0.0025398,0.0075216,1.2195,0.85883
-0.94701,0.28403,-0.14611,0.015314,0.0024132,0.0076025,1.2176,0.85083
-0.94983,0.28225,-0.14404,0.01542,0.0024604,0.0079995,1.217,0.85106
-0.9534,0.2806,-0.14556,0.014607,0.0025628,0.0077788,1.2233,0.88313
-0.94655,0.27985,-0.14929,0.014589,0.002547,0.0076621,1.2146,0.85323
-0.94718,0.27746,-0.15908,0.0142,0.0026689,0.00665,1.2202,0.85395
-0.95061,0.27929,-0.16291,0.013665,0.0026065,0.0063087,1.219,0.87914
-0.94742,0.27223,-0.1565,0.013367,0.0019142,0.0066575,1.212,0.86936
-0.94804,0.27065,-0.15822,0.012371,0.001622,0.0068036,1.2092,0.88553
-0.94983,0.27252,-0.16277,0.012158,0.001671,0.0063224,1.2087,0.88841
-0.94634,0.27145,-0.1602,0.012347,0.001613,0.0063637,1.2027,0.88252
-0.94513,0.27141,-0.16233,0.012405,0.0017456,0.0058832,1.1873,0.88279
-0.94654,0.27325,-0.16928,0.012912,0.0016618,0.005144,1.2154,0.88332
-0.94533,0.27172,-0.16595,0.013382,0.0017737,0.0049803,1.22,0.87828
-0.94327,0.27121,-0.16847,0.0136,0.0018039,0.0043932,1.2137,0.87577
-0.94491,0.27367,-0.17299,0.013583,0.0017734,0.0041848,1.2225,0.87486
-0.94549,0.27473,-0.16984,0.01427,0.0020281,0.0041967,1.2263,0.86852
-0.94476,0.27569,-0.16587,0.014697,0.0018484,0.0047601,1.2144,0.87595
-0.9454,0.27892,-0.16926,0.01479,0.0021254,0.005031,1.226,0.87785
-0.94529,0.27985,-0.17201,0.015407,0.0021239,0.0049543,1.2369,0.87311
-0.94469,0.27948,-0.17179,0.015713,0.0021825,0.0049107,1.2363,0.86781
-0.94766,0.27849,-0.17182,0.015902,0.0021546,0.0050444,1.2332,0.87542
-0.94774,0.28157,-0.17281,0.015889,0.0025129,0.0058013,1.2431,0.87066
-0.94726,0.28278,-0.16664,0.015605,0.0023943,0.0062532,1.2382,0.86623
-0.94599,0.28263,-0.16825,0.01562,0.0024185,0.006343,1.2347,0.86664
-0.94028,0.29417,-0.16768,0.0178,0.0034335,0.0061591,1.2404,0.86706
-0.94199,0.29803,-0.16548,0.017843,0.0034031,0.0063342,1.2389,0.8662
-0.93875,0.30272,-0.16509,0.018378,0.0036973,0.0061435,1.2388,0.87644
-0.94091,0.30182,-0.16096,0.01893,0.0035365,0.0060335,1.241,0.85194
-0.94127,0.29923,-0.16569,0.018676,0.0040354,0.0061434,1.242,0.84371
-0.94275,0.29811,-0.1644,0.019622,0.0040929,0.0062272,1.2482,0.84047
-0.94187,0.30064,-0.16145,0.020135,0.0043395,0.0056539,1.2579,0.84489
-0.94423,0.30333,-0.16286,0.020636,0.0042639,0.0061211,1.2613,0.8424
-0.94108,0.30339,-0.1611,0.019937,0.0042974,0.0059929,1.2505,0.8442
-0.94182,0.30171,-0.16274,0.019861,0.004094,0.0052575,1.2462,0.85148
-0.94147,0.3058,-0.17015,0.021209,0.0041318,0.0047719,1.2638,0.84642
-0.9409,0.3061,-0.16593,0.020667,0.0042626,0.0049033,1.2541,0.85495
-0.94556,0.30071,-0.16734,0.01865,0.0035834,0.0054233,1.2575,0.85535
-0.94666,0.29939,-0.16938,0.019032,0.0038251,0.0052367,1.2693,0.8584
-0.94656,0.29269,-0.1702,0.018255,0.0035693,0.0058691,1.2644,0.85778
-0.9436,0.29342,-0.17597,0.017497,0.0037394,0.0061659,1.2584,0.84865
-0.94421,0.29694,-0.18046,0.017847,0.0035186,0.0058678,1.2708,0.84171
-0.94043,0.29631,-0.17879,0.016255,0.0033095,0.0055222,1.2548,0.84848
-0.93935,0.29454,-0.18304,0.015042,0.0029559,0.00562,1.2461,0.85963
-0.93874,0.29514,-0.18419,0.014867,0.0028416,0.005902,1.2307,0.84977
-0.94076,0.28954,-0.18953,0.015495,0.0033585,0.0068953,1.2435,0.84905
-0.93711,0.28758,-0.19081,0.016126,0.0034109,0.0070361,1.2434,0.84039
-0.94079,0.28392,-0.1905,0.015445,0.0034625,0.0073867,1.2397,0.8395
-0.94043,0.28561,-0.19032,0.015654,0.0034829,0.0073928,1.2388,0.85284
-0.93898,0.28424,-0.19114,0.015405,0.0031765,0.0069952,1.2323,0.85996
-0.93809,0.28365,-0.1899,0.014995,0.00291,0.0071067,1.2236,0.85738
-0.93849,0.28607,-0.18806,0.014885,0.003052,0.0068731,1.2196,0.86573
-0.94083,0.2893,-0.19073,0.015202,0.0030761,0.0067557,1.2203,0.85775
-0.93903,0.288,-0.18724,0.014722,0.0029764,0.0064254,1.2091,0.85599
-0.93422,0.28751,-0.19046,0.015678,0.0031122,0.0070869,1.2227,0.84719
-0.93943,0.29063,-0.19146,0.016127,0.0032229,0.0068254,1.2263,0.86281
-0.93588,0.29022,-0.19026,0.015434,0.0031932,0.0060114,1.2139,0.85157
-0.93011,0.29627,-0.18699,0.015799,0.00275,0.0050978,1.1993,0.85018
-0.93766,0.29983,-0.18854,0.015071,0.0027227,0.0054613,1.2257,0.87105
-0.93279,0.3018,-0.18884,0.015204,0.0024419,0.0050803,1.2151,0.85857
-0.92871,0.30121,-0.19235,0.015303,0.0022432,0.005088,1.201,0.85488
-0.93354,0.30092,-0.19679,0.015054,0.0022334,0.0050403,1.2257,0.86128
-0.93001,0.29964,-0.19841,0.014261,0.0022391,0.0051421,1.2176,0.84934
-0.92796,0.29786,-0.19903,0.014609,0.002203,0.0049613,1.2045,0.84167
-0.9309,0.29465,-0.19707,0.013458,0.0020044,0.0048266,1.2092,0.85453
-0.92743,0.29506,-0.19889,0.01274,0.0018653,0.0048773,1.2131,0.85476
-0.93053,0.29248,-0.19649,0.01282,0.0018312,0.0043229,1.2113,0.85559
-0.93112,0.28874,-0.19526,0.011971,0.0017591,0.0042528,1.1504,0.81644
-0.93115,0.28806,-0.1984,0.012471,0.0017677,0.00432,1.2063,0.86684
-0.93391,0.28424,-0.19772,0.012199,0.0018057,0.0045854,1.215,0.85945
-0.93246,0.27988,-0.19281,0.01187,0.0016563,0.0043158,1.2043,0.87075
-0.93544,0.27989,-0.19632,0.011535,0.0015696,0.0044681,1.208,0.8642
-0.93723,0.27627,-0.19367,0.011476,0.0017603,0.0042173,1.2093,0.86232
-0.93353,0.27351,-0.19118,0.012088,0.0016677,0.0042432,1.2052,0.85849
-0.93951,0.27746,-0.19357,0.013018,0.0019737,0.0038476,1.227,0.8731
-0.93578,0.28266,-0.1927,0.013835,0.0023585,0.0036777,1.2235,0.8649
-0.93085,0.28211,-0.19369,0.015405,0.0023661,0.0038983,1.2176,0.85346
-0.93618,0.28523,-0.19714,0.015993,0.0026437,0.0040283,1.2516,0.86151
-0.9328,0.28811,-0.19794,0.016438,0.0026556,0.0039293,1.2449,0.85675
-0.92928,0.28767,-0.19854,0.016786,0.0026664,0.0041451,1.2576,0.85036
-0.93146,0.29067,-0.20195,0.016639,0.0027052,0.0041459,1.2435,0.85503
-0.92741,0.29514,-0.20436,0.016268,0.0024976,0.0044458,1.2449,0.85493
-0.92478,0.29643,-0.20734,0.016572,0.0024418,0.0046315,1.2422,0.85754
-0.92226,0.30271,-0.21144,0.01646,0.0031771,0.0050307,1.2282,0.85197
-0.91531,0.31961,-0.21046,0.017087,0.0049108,0.0053046,1.2369,0.85655
-0.90189,0.34629,-0.20473,0.018785,0.011242,0.0059089,1.2335,0.86553
-0.89988,0.34815,-0.20598,0.017555,0.011375,0.0058081,1.205,0.84565
-0.898,0.3515,-0.20565,0.018401,0.011722,0.0058131,1.2137,0.84057
-0.8987,0.3529,-0.2011,0.017978,0.011609,0.0060942,1.2115,0.84443
-0.89998,0.35298,-0.19885,0.017357,0.011584,0.0058435,1.1947,0.84961
-0.89847,0.35202,-0.19729,0.016647,0.011606,0.0060065,1.1988,0.84745
-0.89776,0.35112,-0.19525,0.016625,0.011756,0.0060267,1.1948,0.83498
-0.89962,0.34942,-0.19397,0.016577,0.012046,0.0057996,1.1917,0.84337
-0.89974,0.34975,-0.18935,0.017301,0.012333,0.0050321,1.2129,0.84264
-0.9006,0.34807,-0.18994,0.017148,0.012808,0.0047593,1.2058,0.83665
-0.90454,0.34335,-0.18368,0.017579,0.012875,0.0041985,1.2035,0.83947
-0.9106,0.32935,-0.18569,0.017687,0.011669,0.0040013,1.2203,0.83718
-0.92502,0.30311,-0.18913,0.015768,0.0044085,0.0040245,1.2221,0.83312
-0.92474,0.30128,-0.19053,0.01638,0.0040178,0.0045105,1.2244,0.83366
-0.92949,0.29065,-0.19014,0.014821,0.0031672,0.0053532,1.232,0.83947
-0.9296,0.28708,-0.19076,0.014341,0.0032367,0.0050806,1.2071,0.84765
-0.92862,0.28525,-0.19334,0.014232,0.0030697,0.0051695,1.2189,0.8419
-0.92944,0.28292,-0.19505,0.014103,0.0030957,0.0053113,1.226,0.84697
-0.93038,0.2836,-0.19514,0.014382,0.0030814,0.0055408,1.231,0.83793
-0.932,0.2817,-0.19491,0.014135,0.0029574,0.0057617,1.2204,0.83176
-0.93222,0.27903,-0.19747,0.01312,0.0028364,0.0061224,1.212,0.85119
-0.93367,0.28061,-0.19554,0.014148,0.0026757,0.0060779,1.2337,0.83566
-0.93301,0.27631,-0.19624,0.013492,0.0022233,0.0060836,1.2211,0.86169
-0.93282,0.27691,-0.1984,0.013257,0.0020844,0.0061011,1.2181,0.85667
-0.93398,0.27788,-0.19889,0.013558,0.0022359,0.0057282,1.2238,0.85424
-0.93313,0.2745,-0.1963,0.012953,0.0020713,0.005827,1.2102,0.86219
-0.93437,0.27484,-0.20059,0.013089,0.0020131,0.0051797,1.2076,0.85639
-0.93516,0.27826,-0.20228,0.013645,0.0020864,0.0048824,1.2135,0.85338
-0.93637,0.2772,-0.19815,0.01349,0.0020265,0.0053187,1.2082,0.85861
-0.9377,0.27744,-0.19443,0.013924,0.0020934,0.0052286,1.2233,0.87354
-0.93719,0.27759,-0.1985,0.014142,0.0021137,0.0050864,1.2222,0.86298
-0.93781,0.28009,-0.19639,0.014201,0.0021932,0.0053744,1.2214,0.86758
-0.93715,0.28039,-0.19639,0.014674,0.0021035,0.0053056,1.2241,0.85879
-0.93563,0.28015,-0.19622,0.013843,0.0021119,0.0053792,1.2094,0.86091
-0.93655,0.28226,-0.19863,0.013712,0.0020846,0.005572,1.2167,0.86838
-0.93556,0.27995,-0.1958,0.013003,0.0021073,0.0062481,1.2114,0.88078
-0.9351,0.27893,-0.1912,0.012043,0.0018695,0.0068843,1.2089,0.84684
-0.93569,0.27942,-0.19441,0.011771,0.0017501,0.0067059,1.2022,0.8694
-0.93389,0.27944,-0.19135,0.011412,0.0017618,0.0067234,1.1961,0.86955
-0.93601,0.27898,-0.19589,0.010601,0.0017204,0.0070661,1.188,0.86953
-0.93534,0.28084,-0.19828,0.010893,0.0017432,0.0069608,1.2033,0.86107
-0.93174,0.28592,-0.20172,0.010598,0.0020748,0.006817,1.1979,0.86537
-0.93143,0.28721,-0.19821,0.01022,0.0021318,0.0066131,1.1925,0.85696
-0.93131,0.28616,-0.20002,0.0099767,0.0020305,0.0062251,1.1907,0.86575
-0.93291,0.28442,-0.19916,0.010259,0.0020788,0.0061365,1.1944,0.87071
-0.93203,0.28293,-0.2038,0.010479,0.0020571,0.0063328,1.1962,0.85731
-0.9316,0.28453,-0.20496,0.010902,0.002233,0.006338,1.2043,0.85483
-0.93184,0.28751,-0.20651,0.011707,0.0022046,0.0055949,1.2085,0.85556
-0.93114,0.28678,-0.21286,0.012163,0.002478,0.0048803,1.2114,0.84612
-0.93025,0.2885,-0.21153,0.012931,0.0025786,0.0049082,1.2107,0.84472
-0.93136,0.28907,-0.21334,0.013706,0.0026602,0.0045837,1.2275,0.85075
-0.93017,0.28595,-0.21159,0.013462,0.0026265,0.0047478,1.2099,0.85606
-0.92613,0.28455,-0.21192,0.014343,0.0026168,0.0045324,1.2345,0.85059
-0.93144,0.27842,-0.21048,0.014489,0.0022721,0.004657,1.2347,0.85681
-0.93351,0.27665,-0.21122,0.014419,0.0022213,0.0049033,1.2412,0.8554
-0.92961,0.27563,-0.21264,0.015293,0.0022659,0.0050307,1.2458,0.84664
-0.93045,0.27492,-0.21123,0.015083,0.0022223,0.0051377,1.2453,0.85585
-0.93234,0.27501,-0.20685,0.014846,0.0022353,0.0049106,1.2485,0.85198
-0.9311,0.27371,-0.20526,0.015316,0.0020247,0.0046078,1.2406,0.85436
-0.93093,0.27007,-0.20356,0.01487,0.0021175,0.0049456,1.2489,0.85726
-0.93106,0.26997,-0.20239,0.014865,0.0019562,0.004726,1.2506,0.86604
-0.93291,0.27187,-0.20232,0.014868,0.0021301,0.0044772,1.2396,0.85941
-0.93263,0.26965,-0.19965,0.014147,0.0021478,0.0045407,1.2349,0.85781
-0.93222,0.26948,-0.19777,0.014614,0.0021952,0.0043022,1.2508,0.85241
-0.93641,0.26798,-0.19851,0.01351,0.0020951,0.004266,1.2292,0.86299
-0.93268,0.27331,-0.19893,0.014019,0.0022724,0.0039885,1.2438,0.85858
-0.92878,0.27791,-0.20201,0.014813,0.0024909,0.0037362,1.244,0.85139
-0.9273,0.28295,-0.2001,0.01533,0.0033921,0.0036686,1.2406,0.85599
-0.92736,0.28667,-0.20238,0.01568,0.003363,0.0033697,1.2526,0.85414
-0.93027,0.28882,-0.20208,0.015448,0.0032966,0.0035433,1.2511,0.87456
-0.9265,0.29052,-0.19902,0.015601,0.00347,0.0034424,1.2251,0.85829
-0.92847,0.29416,-0.20035,0.016356,0.003363,0.0032804,1.2445,0.85559
-0.93328,0.29543,-0.19818,0.016143,0.0032941,0.0041875,1.2402,0.86812
-0.92895,0.29136,-0.19642,0.016064,0.0032527,0.0049241,1.2291,0.85532
-0.92859,0.29307,-0.19707,0.016191,0.0029868,0.0050374,1.2337,0.85004
-0.92962,0.29054,-0.21096,0.015795,0.0035093,0.006849,1.2301,0.85581
-0.91093,0.31723,-0.20815,0.019202,0.01402,0.00705,1.2318,0.85112
-0.9092,0.32987,-0.20628,0.020131,0.016707,0.0083705,1.2336,0.84817
-0.90911,0.33079,-0.20389,0.018794,0.016865,0.0086452,1.2203,0.85458
-0.90915,0.33025,-0.20061,0.018523,0.016481,0.0086563,1.2002,0.85003
-0.90907,0.33386,-0.1999,0.018185,0.016256,0.008727,1.1957,0.86413
-0.9045,0.33783,-0.20413,0.018592,0.016048,0.0083479,1.1992,0.84589
-0.90576,0.33716,-0.2052,0.019243,0.016127,0.008379,1.2146,0.87924
-0.906,0.33983,-0.20751,0.018419,0.015875,0.0082997,1.2082,0.87896
-0.89878,0.3433,-0.21421,0.019283,0.015605,0.0072542,1.2143,0.84993
-0.9007,0.34297,-0.21452,0.019798,0.015572,0.0069066,1.2253,0.84377
-0.90192,0.34391,-0.2204,0.019195,0.015427,0.0069994,1.2267,0.84764
-0.89631,0.35061,-0.2059,0.019583,0.014321,0.0053401,1.2101,0.84176
-0.90793,0.33117,-0.20815,0.019292,0.0055149,0.0051514,1.2368,0.83345
-0.91658,0.3185,-0.21157,0.017383,0.0032555,0.0040779,1.2324,0.84749
-0.91731,0.31439,-0.2089,0.017463,0.0029985,0.0039394,1.2339,0.86118
-0.91932,0.30891,-0.20856,0.016673,0.0028042,0.0042641,1.2318,0.84843
-0.9225,0.30505,-0.21021,0.016234,0.0027247,0.004317,1.2303,0.85927
-0.91982,0.30143,-0.20678,0.015835,0.0026847,0.0047887,1.2291,0.85091
-0.92158,0.29962,-0.20562,0.015033,0.0027005,0.0050391,1.224,0.85481
-0.92486,0.29705,-0.2044,0.015167,0.0027224,0.0050471,1.2259,0.85885
-0.92383,0.29484,-0.19993,0.014328,0.0027099,0.0051499,1.2204,0.85485
-0.92381,0.29684,-0.19774,0.014468,0.0027484,0.0050142,1.2077,0.85306
-0.92574,0.29725,-0.19492,0.014506,0.0028241,0.0045768,1.2169,0.85749
-0.92704,0.29589,-0.19264,0.013825,0.0025536,0.0048208,1.2097,0.86726
-0.9316,0.28757,-0.18806,0.011333,0.0022398,0.00513,1.1795,0.8636
-0.93181,0.28307,-0.18883,0.011397,0.0017424,0.0051704,1.1958,0.86169
-0.93236,0.28109,-0.18856,0.012095,0.0018586,0.0052093,1.2025,0.86895
-0.92971,0.28147,-0.19113,0.012575,0.001857,0.0048652,1.1893,0.85587
-0.93034,0.28382,-0.19287,0.012645,0.0019495,0.0048356,1.2037,0.85509
-0.93173,0.28345,-0.19174,0.013076,0.0020046,0.0043467,1.2061,0.86228
-0.93074,0.28095,-0.1937,0.01265,0.0019581,0.0041001,1.1855,0.86713
-0.92974,0.28224,-0.19452,0.013099,0.001836,0.0042724,1.205,0.85375
-0.93415,0.27872,-0.19377,0.013476,0.0019749,0.004083,1.2099,0.86137
-0.93602,0.27573,-0.19635,0.01254,0.0018833,0.004114,1.1949,0.86862
-0.93297,0.2782,-0.19601,0.013742,0.0019254,0.0043656,1.2066,0.85018
-0.93351,0.282,-0.20055,0.016114,0.0023615,0.0040493,1.2167,0.84145
-0.93653,0.28471,-0.20326,0.015776,0.0024554,0.0040071,1.219,0.84815
-0.93144,0.28533,-0.20385,0.016145,0.0024148,0.003947,1.2033,0.8387
-0.93306,0.28665,-0.20467,0.016057,0.0023568,0.0041008,1.2115,0.84617
-0.93899,0.28681,-0.20036,0.015043,0.0023406,0.0048753,1.2079,0.85691
-0.93408,0.2827,-0.20076,0.014811,0.0023542,0.0052997,1.1931,0.84881
-0.93881,0.278,-0.19974,0.014367,0.0023972,0.0062922,1.1948,0.85835
-0.93841,0.27607,-0.20835,0.013897,0.0025164,0.0073782,1.1928,0.85969
-0.9324,0.27526,-0.20886,0.014002,0.0026968,0.0070485,1.1874,0.85975
-0.93004,0.28116,-0.21004,0.013611,0.0027462,0.0076348,1.1606,0.85558
-0.92873,0.2891,-0.21253,0.013806,0.0032164,0.0075538,1.1848,0.85714
-0.92816,0.28693,-0.20822,0.012908,0.0031906,0.0079994,1.1796,0.85683
-0.93151,0.28161,-0.20534,0.010581,0.0027717,0.0084524,1.1686,0.86814
-0.93,0.28235,-0.2095,0.011094,0.0025839,0.0081486,1.177,0.86525
-0.93025,0.28332,-0.20517,0.011481,0.0026345,0.0082066,1.1777,0.85814
-0.92891,0.28426,-0.20776,0.012273,0.002667,0.008013,1.1776,0.86533
-0.92861,0.28826,-0.21678,0.01297,0.0029058,0.0075545,1.2018,0.86485
-0.92692,0.29183,-0.21369,0.014732,0.0030383,0.0076146,1.2144,0.84737
-0.92239,0.29735,-0.2183,0.015254,0.0028033,0.0069199,1.2065,0.84361
-0.92644,0.30418,-0.21244,0.0156,0.0024522,0.0063528,1.2155,0.84481
-0.92545,0.30616,-0.2113,0.015601,0.0024012,0.0064183,1.2213,0.8422
-0.92584,0.30392,-0.21245,0.015539,0.0022821,0.005862,1.2189,0.855
-0.92833,0.29982,-0.21104,0.015567,0.0019962,0.0058327,1.2132,0.85373
-0.92724,0.30192,-0.21274,0.016328,0.0021621,0.0052046,1.2248,0.8476
-0.92664,0.30363,-0.21416,0.01623,0.0021722,0.0050802,1.2282,0.85558
-0.92632,0.30457,-0.21235,0.016458,0.002248,0.005021,1.2224,0.84431
-0.92483,0.30415,-0.21389,0.016189,0.0022779,0.0053924,1.2291,0.84928
-0.92482,0.30633,-0.21271,0.016505,0.0023689,0.0054898,1.2281,0.84308
-0.92571,0.30513,-0.20729,0.016029,0.0024681,0.0053584,1.2122,0.84572
-0.92046,0.31672,-0.20439,0.015328,0.0048743,0.0052744,1.2122,0.75331
-0.91991,0.32441,-0.19767,0.0149,0.0056704,0.0053815,1.2371,0.78426
-0.91724,0.32529,-0.19084,0.015035,0.0057621,0.0055457,1.228,0.76881
-0.92273,0.32994,-0.19107,0.014504,0.0060651,0.0056297,1.2051,0.87039
-0.92178,0.33487,-0.1879,0.015256,0.0061228,0.0056891,1.2054,0.86777
-0.91942,0.33692,-0.18489,0.015924,0.006183,0.0058334,1.196,0.8589
-0.92669,0.33741,-0.18775,0.015002,0.0060525,0.0061226,1.1974,0.8781
-0.92525,0.34139,-0.18877,0.015753,0.0058197,0.0058918,1.1903,0.87135
-0.92251,0.34514,-0.18349,0.017918,0.0058748,0.0057971,1.1936,0.85779
-0.92596,0.34935,-0.18137,0.018227,0.0055574,0.0055624,1.1951,0.86623
-0.93022,0.34974,-0.1841,0.017051,0.0053976,0.0053862,1.1911,0.87912
-0.92427,0.34979,-0.18014,0.018063,0.0052518,0.0051173,1.1922,0.86791
-0.93201,0.33668,-0.18327,0.0177,0.0035141,0.005128,1.1659,0.87055
-0.93835,0.33063,-0.19049,0.017409,0.0027789,0.0051384,1.1878,0.87619
-0.93667,0.33188,-0.18961,0.019837,0.0028605,0.004576,1.2011,0.85931
-0.93423,0.32406,-0.18985,0.021034,0.0025566,0.0049962,1.2023,0.84753
-0.94093,0.31982,-0.19375,0.02001,0.0025095,0.0050477,1.212,0.8476
-0.93875,0.31721,-0.1928,0.019634,0.0024389,0.00483,1.2154,0.83587
-0.93214,0.31586,-0.194,0.020335,0.0023545,0.0048399,1.2167,0.82538
-0.93513,0.31333,-0.19593,0.019849,0.0022471,0.0049913,1.2045,0.82907
-0.93666,0.3064,-0.19607,0.017695,0.002139,0.0053168,1.2137,0.83545
-0.93571,0.3021,-0.1965,0.01716,0.0020465,0.0055857,1.2145,0.83526
-0.93578,0.30124,-0.19527,0.017138,0.0020119,0.0055517,1.2152,0.83442
-0.9357,0.30048,-0.19603,0.016645,0.0019432,0.0063098,1.2201,0.83752
-0.93693,0.30072,-0.18766,0.016531,0.0018767,0.0073667,1.2211,0.83737
-0.93278,0.29698,-0.19408,0.01595,0.0020331,0.0083982,1.2127,0.84534
-0.93635,0.28935,-0.20091,0.013757,0.0019562,0.0091457,1.1956,0.85874
-0.93617,0.28544,-0.20444,0.013488,0.0022855,0.0092208,1.1904,0.87284
-0.93222,0.28765,-0.2066,0.013808,0.002316,0.0093347,1.1823,0.8557
-0.93118,0.29009,-0.20801,0.014181,0.0023742,0.009439,1.1877,0.85791
-0.93192,0.29261,-0.20897,0.014357,0.0025602,0.0092681,1.1902,0.85567
-0.92894,0.29583,-0.21254,0.014496,0.0028582,0.0094512,1.1795,0.85463
-0.92707,0.29936,-0.21315,0.014988,0.0028698,0.0090796,1.1816,0.85907
-0.92599,0.30486,-0.21812,0.016861,0.0032875,0.0089962,1.1872,0.86014
-0.92467,0.31493,-0.21305,0.016996,0.0049737,0.0096008,1.182,0.85255
-0.92313,0.31879,-0.21515,0.016526,0.0050827,0.0086178,1.1804,0.8646
-0.92006,0.3246,-0.22443,0.018289,0.0056808,0.0070495,1.182,0.85173
-0.92396,0.32992,-0.21728,0.018587,0.0053481,0.0063277,1.1951,0.75825
-0.91633,0.33857,-0.21369,0.019484,0.0046483,0.0055165,1.1986,0.73102
-0.9186,0.34483,-0.21002,0.019785,0.0038568,0.0053014,1.1989,0.74737
-0.92196,0.34238,-0.20654,0.019317,0.0041389,0.0052901,1.1954,0.74803
-0.92137,0.34134,-0.20629,0.018818,0.0042342,0.005258,1.1879,0.7499
-0.92248,0.34068,-0.20099,0.019748,0.0043169,0.0054606,1.1861,0.74417
-0.92621,0.33777,-0.1945,0.019425,0.0043766,0.0050419,1.181,0.74355
-0.92367,0.34181,-0.19956,0.019128,0.0042749,0.0051158,1.1988,0.83961
-0.92199,0.343,-0.19544,0.018381,0.0041484,0.0044275,1.1975,0.83027
-0.91907,0.33497,-0.19968,0.018813,0.0029886,0.0040455,1.1859,0.7307
-0.9195,0.34164,-0.205,0.019319,0.0036284,0.0040994,1.1955,0.77263
-0.91645,0.34468,-0.20155,0.018832,0.0035468,0.0040811,1.1982,0.83113
-0.91013,0.34484,-0.20052,0.020754,0.0036157,0.004021,1.2076,0.82467
-0.92091,0.34545,-0.20386,0.019447,0.0036246,0.0043046,1.2028,0.86081
-0.91624,0.34656,-0.20236,0.019426,0.0035048,0.0040047,1.1952,0.84076
-0.91067,0.34832,-0.20386,0.020442,0.0033327,0.0040097,1.1966,0.84323
-0.91921,0.34907,-0.2062,0.020246,0.0032614,0.0040391,1.1929,0.86078
-0.91332,0.35268,-0.20781,0.01945,0.0033637,0.0038444,1.1841,0.85777
-0.90713,0.35688,-0.20797,0.020602,0.0032896,0.0037495,1.1913,0.7229
-0.91544,0.3535,-0.20719,0.019948,0.0033656,0.0036967,1.195,0.74806
-0.91359,0.34985,-0.20926,0.020096,0.0033978,0.0034621,1.197,0.84223
-0.91323,0.34726,-0.21063,0.020223,0.0036863,0.0035563,1.1967,0.83548
-0.91914,0.33734,-0.20806,0.01974,0.0032971,0.003872,1.1924,0.84368
-0.91911,0.33362,-0.21073,0.019254,0.0033131,0.0037876,1.1982,0.84459
-0.91993,0.33094,-0.21134,0.018032,0.0032972,0.0037,1.2004,0.83976
-0.91712,0.32764,-0.21175,0.017847,0.0031907,0.0039036,1.2019,0.84522
-0.91771,0.32816,-0.211,0.016817,0.0031541,0.0043904,1.1894,0.85583
-0.92018,0.32532,-0.20464,0.015734,0.0031374,0.0049474,1.1881,0.849
-0.91775,0.32314,-0.20615,0.015547,0.0031162,0.0050229,1.1858,0.85627
-0.92244,0.3169,-0.20358,0.01486,0.0027094,0.006978,1.1842,0.84393
-0.92347,0.312,-0.2019,0.014414,0.0024483,0.0071546,1.1842,0.8514
-0.92289,0.3121,-0.20144,0.014491,0.0026114,0.0071058,1.1874,0.85852
-0.92506,0.3102,-0.20102,0.013606,0.0025861,0.0072916,1.1829,0.86577
-0.92536,0.3095,-0.19989,0.013506,0.0025189,0.0072935,1.1789,0.8541
-0.92653,0.30984,-0.19978,0.013503,0.0023979,0.0072607,1.1773,0.86472
-0.92856,0.30567,-0.1984,0.012439,0.00189,0.0073999,1.1717,0.86601
-0.93208,0.30153,-0.1954,0.01224,0.00211,0.0076975,1.169,0.86321
-0.93181,0.29897,-0.19449,0.012295,0.0020856,0.0075202,1.1707,0.86717
-0.9331,0.29374,-0.19687,0.012455,0.0022289,0.0072135,1.1871,0.86773
-0.93129,0.29188,-0.20219,0.012948,0.0023534,0.0066854,1.1877,0.85731
-0.93213,0.29608,-0.2002,0.013209,0.0027688,0.0067986,1.1985,0.85661
-0.93223,0.29804,-0.20282,0.014012,0.0029787,0.0048266,1.2042,0.85628
-0.93495,0.29482,-0.20481,0.013276,0.0030113,0.0049673,1.207,0.86126
-0.93208,0.29146,-0.20619,0.014121,0.0027426,0.004981,1.215,0.84601
-0.93423,0.29188,-0.20692,0.014399,0.0028239,0.0050758,1.2134,0.85846
-0.93788,0.29041,-0.20764,0.013181,0.0027867,0.0050914,1.2152,0.8566
-0.92928,0.29103,-0.20844,0.014232,0.0028887,0.0048691,1.2117,0.83881
-0.93359,0.28748,-0.21116,0.014782,0.0028093,0.0047327,1.2242,0.84471
-0.93452,0.28916,-0.21448,0.014139,0.0025901,0.0043507,1.2099,0.86348
-0.92819,0.29275,-0.21082,0.015116,0.0030095,0.0043104,1.2172,0.83509
-0.93086,0.29376,-0.21001,0.015509,0.002891,0.0044053,1.2196,0.83942
-0.93449,0.29623,-0.20934,0.014874,0.0028811,0.0046233,1.2267,0.83554
-0.92989,0.29405,-0.21244,0.015329,0.002586,0.0044029,1.2146,0.83408
-0.92815,0.29482,-0.21118,0.015121,0.0026677,0.004732,1.2149,0.83581
-0.92929,0.29647,-0.20917,0.014832,0.0026809,0.004701,1.2128,0.85655
-0.92805,0.29567,-0.20741,0.014363,0.002626,0.0047267,1.2109,0.86337
-0.92799,0.29533,-0.20538,0.014597,0.0027934,0.0045937,1.2056,0.84709
-0.92893,0.29407,-0.19519,0.015203,0.0029787,0.0063453,1.2165,0.85805
-0.93178,0.29279,-0.18578,0.014137,0.0027864,0.0068413,1.1994,0.85122
-0.93378,0.29127,-0.18099,0.014562,0.0029659,0.006606,1.2028,0.84997
-0.93369,0.29039,-0.1782,0.014871,0.0031528,0.0067523,1.2177,0.8522
-0.93569,0.28926,-0.17915,0.01464,0.0028909,0.006696,1.2056,0.84554
-0.93583,0.28776,-0.17528,0.014375,0.0028062,0.0067183,1.2074,0.84845
-0.93522,0.28353,-0.17229,0.014232,0.0028291,0.0063721,1.2143,0.85052
-0.93562,0.27778,-0.16764,0.01378,0.002759,0.0057966,1.2122,0.84954
-0.9398,0.27168,-0.16462,0.013574,0.0024318,0.0058929,1.2171,0.85107
-0.94115,0.2696,-0.16308,0.013363,0.0023068,0.0058277,1.2184,0.85667
-0.93936,0.26716,-0.163,0.012755,0.002366,0.006125,1.2065,0.85505
-0.94031,0.26173,-0.15998,0.011766,0.0021725,0.0061603,1.1698,0.86447
-0.94129,0.26326,-0.16854,0.011363,0.0020611,0.0049166,1.2003,0.87714
-0.94104,0.25933,-0.1738,0.011774,0.0020993,0.0046446,1.2057,0.86766
-0.93878,0.25882,-0.17308,0.010633,0.0020571,0.0047877,1.1862,0.86233
-0.9391,0.25876,-0.17335,0.01039,0.0019435,0.0044898,1.1906,0.86706
-0.94083,0.255,-0.17152,0.010125,0.0015702,0.0048948,1.1868,0.88605
-0.94064,0.25251,-0.17124,0.0096177,0.0015642,0.004906,1.1716,0.87198
-0.9425,0.25306,-0.17613,0.0096795,0.0014999,0.0050686,1.1803,0.87665
-0.94358,0.25168,-0.17357,0.0097282,0.0016452,0.0055713,1.1803,0.87799
-0.94217,0.25089,-0.17366,0.0091299,0.0016043,0.0054862,1.1695,0.88056
-0.94189,0.25162,-0.17786,0.0094745,0.0016409,0.0053684,1.18,0.87788
-0.94242,0.25098,-0.17474,0.0097228,0.0017061,0.0049351,1.1834,0.87157
-0.94134,0.25201,-0.17731,0.0099985,0.0017029,0.0050708,1.1906,0.86839
-0.93992,0.24957,-0.17931,0.010186,0.001634,0.0050162,1.1863,0.86559
-0.93976,0.24845,-0.17963,0.010353,0.0014936,0.0049421,1.1941,0.86668
-0.94073,0.24836,-0.18265,0.010991,0.0014716,0.0048527,1.2005,0.86507
-0.94124,0.24736,-0.18435,0.01088,0.0015936,0.0049312,1.1984,0.87187
-0.94076,0.24571,-0.187,0.010459,0.0017418,0.0047888,1.1968,0.87719
-0.94004,0.25061,-0.18896,0.011508,0.0021832,0.0046005,1.2077,0.86554
-0.93804,0.255,-0.1866,0.011708,0.0024539,0.0049382,1.2038,0.87473
-0.92916,0.27612,-0.19233,0.013786,0.0072596,0.004364,1.2103,0.86228
-0.92586,0.28501,-0.19438,0.01433,0.0075397,0.0038893,1.2137,0.85786
-0.92483,0.28771,-0.18898,0.014568,0.0075225,0.0044703,1.2021,0.86623
-0.92677,0.29503,-0.19382,0.015036,0.0074373,0.0045373,1.2103,0.86019
-0.92558,0.30088,-0.1921,0.015175,0.0071956,0.0047095,1.2179,0.78978
-0.92169,0.3059,-0.18595,0.016132,0.0069922,0.0051631,1.2207,0.76596
-0.92516,0.31197,-0.19024,0.015799,0.0067288,0.0050936,1.2005,0.86294
-0.92127,0.31769,-0.19017,0.015771,0.0063217,0.0052673,1.1881,0.86491
-0.91818,0.31889,-0.18551,0.016186,0.0060695,0.0052869,1.1976,0.84515
-0.92179,0.32252,-0.18905,0.016506,0.0055085,0.0052627,1.1993,0.84767
-0.91907,0.32171,-0.19259,0.015667,0.0053001,0.0053251,1.1891,0.8531
-0.91658,0.32063,-0.19111,0.016405,0.005386,0.0049273,1.2039,0.84003
-0.9291,0.30213,-0.17977,0.01503,0.0026218,0.0061203,1.1983,0.84995
-0.93503,0.2905,-0.16319,0.014762,0.0031766,0.010005,1.1904,0.85424
-0.93755,0.28834,-0.15438,0.014837,0.0034187,0.010731,1.2012,0.86251
-0.93743,0.28466,-0.14943,0.014751,0.0033304,0.010422,1.2004,0.85261
-0.94083,0.2838,-0.15601,0.014185,0.0032421,0.010682,1.2015,0.85226
-0.9415,0.27983,-0.15885,0.013119,0.0032336,0.0108,1.2039,0.85482
-0.93932,0.27438,-0.15526,0.013136,0.0030866,0.010733,1.1977,0.84554
-0.94469,0.27151,-0.15676,0.012058,0.0028759,0.010637,1.1949,0.86643
-0.94376,0.27027,-0.15979,0.011735,0.0029638,0.011163,1.1958,0.86424
-0.9419,0.26703,-0.15185,0.011718,0.0029965,0.010693,1.1837,0.85941
-0.94787,0.26543,-0.1521,0.011249,0.0029154,0.011056,1.1871,0.87755
-0.94702,0.26126,-0.15366,0.0099486,0.0028724,0.011736,1.1774,0.87489
-0.94335,0.25922,-0.15819,0.0092226,0.0023356,0.011027,1.1696,0.87355
-0.94374,0.26431,-0.17822,0.0090088,0.0019529,0.0074793,1.1668,0.8833
-0.93771,0.26359,-0.1914,0.0086439,0.0016984,0.0061251,1.1687,0.88021
-0.93832,0.26426,-0.19147,0.0095483,0.0018272,0.0061219,1.1668,0.87708
-0.94021,0.26327,-0.19097,0.0095365,0.0017994,0.0063325,1.1676,0.87735
-0.9392,0.26748,-0.19608,0.0098266,0.002,0.0061977,1.1623,0.88251
-0.93943,0.27023,-0.19645,0.010816,0.0021016,0.0060883,1.1743,0.87957
-0.93418,0.27229,-0.1966,0.011919,0.0022199,0.0063055,1.1749,0.78928
-0.9344,0.28327,-0.20592,0.012461,0.0031869,0.0068384,1.1927,0.8688
-0.92921,0.29014,-0.20921,0.013064,0.0034034,0.0065622,1.1869,0.86586
-0.92597,0.29208,-0.20878,0.013628,0.0033907,0.006153,1.1978,0.84968
-0.92878,0.29607,-0.209,0.014101,0.003318,0.0061254,1.2057,0.85504
-0.92982,0.30023,-0.21697,0.014413,0.0031727,0.0057023,1.2092,0.86294
-0.92574,0.29939,-0.21506,0.014476,0.0033193,0.0060133,1.215,0.84843
-0.92776,0.30048,-0.21486,0.01518,0.0033701,0.0059398,1.2297,0.74983
-0.93188,0.30073,-0.21882,0.013904,0.0032232,0.0057315,1.2171,0.8624
-0.92663,0.29828,-0.21718,0.01448,0.0033721,0.0057311,1.2189,0.84702
-0.93012,0.29406,-0.20876,0.014543,0.0033973,0.006469,1.2137,0.842
-0.93394,0.2952,-0.20792,0.013366,0.0032867,0.0068067,1.2134,0.85753
-0.93371,0.29291,-0.20917,0.012551,0.0033461,0.0069517,1.1972,0.86125
-0.93691,0.28118,-0.19804,0.012693,0.0026741,0.0067088,1.2029,0.8572
-0.94323,0.27639,-0.19825,0.011658,0.0021866,0.0067856,1.1986,0.87141
-0.9411,0.27338,-0.19929,0.01091,0.0022432,0.0071878,1.2024,0.87348
-0.9423,0.27117,-0.19758,0.01182,0.002042,0.0072391,1.2028,0.86766
-0.94299,0.26853,-0.19439,0.01165,0.0018784,0.007117,1.1936,0.87159
-0.94225,0.27001,-0.19731,0.011838,0.001889,0.0076416,1.2066,0.88307
-0.94355,0.26803,-0.19729,0.011753,0.0019993,0.0083072,1.2081,0.86797
-0.93988,0.26694,-0.19304,0.01215,0.0020081,0.0083984,1.2181,0.86757
-0.94371,0.27185,-0.19428,0.012197,0.0021121,0.0081303,1.2165,0.86065
-0.94122,0.27246,-0.19605,0.012544,0.0021409,0.0076523,1.2222,0.85377
-0.94113,0.26498,-0.18112,0.013672,0.0023506,0.011109,1.2255,0.84999
-0.9509,0.258,-0.16158,0.015288,0.0028061,0.014322,1.2398,0.85683
-0.94717,0.2592,-0.15385,0.015197,0.0026261,0.014514,1.2305,0.84751
-0.94598,0.25751,-0.15151,0.015545,0.0027046,0.014409,1.2164,0.84204
-0.95266,0.26308,-0.15151,0.015358,0.0029953,0.014285,1.2345,0.86984
-0.94785,0.26467,-0.15319,0.014728,0.0030111,0.014219,1.214,0.8506
-0.94623,0.26577,-0.1508,0.015534,0.0030574,0.014026,1.2287,0.84075
-0.95229,0.26771,-0.14761,0.015458,0.0030839,0.013448,1.2261,0.8495
-0.95072,0.2714,-0.15085,0.015513,0.0029925,0.01333,1.2121,0.85247
-0.95242,0.27185,-0.15018,0.016926,0.0028926,0.013793,1.2308,0.84288
