-0.89949,0.3105,-0.16017,0.00016276,0.00022257,0.00068564,0.97892,0.95098
-0.90029,0.31061,-0.15437,0.00016727,0.00022142,0.00066322,0.97863,0.95115
-0.90116,0.31097,-0.14871,0.0001668,0.0002176,0.00053346,0.97942,0.95116
-0.90205,0.31094,-0.14353,0.00016636,0.00021683,0.00033933,0.97948,0.95144
-0.90227,0.31151,-0.14083,0.00016106,0.00020686,0.00026334,0.97891,0.95124
-0.90217,0.31277,-0.13852,0.000157,0.00018285,0.00020863,0.97792,0.95221
-0.90215,0.31293,-0.13803,0.00012552,0.00016892,0.00019137,0.97688,0.9539
-0.90257,0.31217,-0.13674,7.4358e-05,0.00014089,0.00015306,0.97429,0.95549
-0.90325,0.31074,-0.13613,4.2078e-05,0.00011734,0.00013159,0.97121,0.95953
-0.90369,0.30931,-0.1355,3.7051e-05,0.00011306,0.00012056,0.97019,0.95964
-0.90505,0.3062,-0.13491,4.4685e-05,0.00018625,9.0122e-05,0.97599,0.95748
-0.90608,0.30242,-0.13538,4.3229e-05,0.00017522,8.9114e-05,0.97509,0.95684
-0.90652,0.29994,-0.13802,4.329e-05,0.00019757,0.00011158,0.97555,0.95577
-0.90622,0.29954,-0.14087,4.6466e-05,0.00022392,0.00012629,0.97495,0.95669
-0.90598,0.2994,-0.14248,4.7209e-05,0.00022315,0.00012148,0.97531,0.9568
-0.90567,0.29995,-0.14288,4.742e-05,0.00022975,0.00011694,0.97356,0.95658
-0.90593,0.29919,-0.1437,4.5638e-05,0.00021663,0.00011493,0.97401,0.95695
-0.90599,0.29801,-0.14465,4.5454e-05,0.00020379,0.00011478,0.97378,0.95701
-0.90607,0.2982,-0.14398,4.448e-05,0.00020465,0.00012116,0.9737,0.95678
-0.90613,0.29799,-0.14383,4.4631e-05,0.00020123,0.00012338,0.97403,0.95648
-0.90618,0.29764,-0.14394,4.4566e-05,0.00019706,0.00012321,0.97361,0.95672
-0.90629,0.29753,-0.14381,4.4794e-05,0.00019193,0.00012044,0.97341,0.95701
-0.90568,0.2988,-0.1442,2.8016e-05,0.00012739,0.00010476,0.97006,0.95964
-0.90533,0.30009,-0.14428,2.1371e-05,9.8381e-05,9.8593e-05,0.96974,0.95985
-0.90498,0.30114,-0.14332,1.9258e-05,6.5412e-05,8.1033e-05,0.96975,0.95956
-0.9053,0.30065,-0.14227,1.643e-05,4.0574e-05,5.7733e-05,0.96955,0.95964
-0.9057,0.29973,-0.14184,1.6346e-05,4.0229e-05,5.0851e-05,0.96945,0.95981
-0.90601,0.29848,-0.14259,1.5783e-05,3.3962e-05,5.3462e-05,0.96948,0.95991
-0.90622,0.29783,-0.14289,1.5611e-05,3.3573e-05,6.0449e-05,0.96938,0.95997
-0.90598,0.29901,-0.14313,2.9907e-05,6.3263e-05,8.1693e-05,0.97009,0.9596
-0.90603,0.29925,-0.14212,3.4904e-05,9.3434e-05,0.00017054,0.97336,0.95659
-0.90587,0.29979,-0.14144,3.6525e-05,0.00010916,0.00018756,0.97351,0.9561
-0.90578,0.30052,-0.14028,3.7796e-05,0.00011795,0.00020357,0.97558,0.95526
-0.90583,0.30086,-0.13897,3.7614e-05,0.00011755,0.00023195,0.97553,0.95547
-0.90573,0.30149,-0.13772,3.5819e-05,0.00011462,0.00025908,0.97357,0.95643
-0.90552,0.30239,-0.13638,3.4789e-05,0.00011603,0.00027532,0.975,0.95551
-0.90551,0.30376,-0.13496,3.4978e-05,0.00011468,0.00027304,0.97509,0.95572
-0.90519,0.30527,-0.13351,3.5003e-05,0.00010988,0.00026273,0.97494,0.95562
-0.90479,0.30708,-0.13221,3.5372e-05,0.00010541,0.00025629,0.97505,0.95551
-0.90438,0.30862,-0.13098,3.5818e-05,9.4752e-05,0.00023262,0.97422,0.956
-0.90385,0.31046,-0.13012,3.5298e-05,8.0015e-05,0.00020241,0.97383,0.95668
-0.9038,0.31078,-0.12969,2.2432e-05,6.5244e-05,0.00016322,0.97005,0.95912
-0.90358,0.311,-0.13089,1.7983e-05,4.0256e-05,0.00010328,0.96949,0.95975
-0.90352,0.31121,-0.13109,1.6707e-05,3.3557e-05,9.3088e-05,0.96927,0.96008
-0.90339,0.31165,-0.13159,1.5705e-05,3.3366e-05,9.0012e-05,0.96903,0.96036
-0.90295,0.31219,-0.13332,1.526e-05,2.7155e-05,9.0834e-05,0.96914,0.96029
-0.90251,0.31257,-0.13529,1.347e-05,2.3408e-05,8.0716e-05,0.96904,0.96032
-0.90243,0.31265,-0.13647,1.3498e-05,2.2697e-05,6.7213e-05,0.97215,0.95758
-0.90226,0.31272,-0.13681,1.3045e-05,2.2052e-05,6.331e-05,0.96907,0.96028
-0.90216,0.31261,-0.13799,1.358e-05,2.2377e-05,6.2293e-05,0.96929,0.96025
-0.90199,0.31211,-0.13988,1.3239e-05,2.2126e-05,6.2216e-05,0.96906,0.96022
-0.90207,0.31151,-0.1408,1.2356e-05,2.1738e-05,5.6973e-05,0.96888,0.96052
-0.90223,0.31102,-0.14022,1.2421e-05,1.9367e-05,5.7177e-05,0.96881,0.96044
-0.90263,0.31072,-0.13928,1.1704e-05,1.7744e-05,5.4228e-05,0.96893,0.96059
-0.90263,0.31046,-0.14009,1.089e-05,1.7288e-05,5.8763e-05,0.97006,0.95865
-0.90268,0.30972,-0.1414,1.1244e-05,1.9369e-05,6.2558e-05,0.96819,0.96116
-0.90282,0.30873,-0.14226,1.1591e-05,1.947e-05,5.9045e-05,0.96827,0.96103
-0.90281,0.30902,-0.14193,1.2079e-05,2.2265e-05,5.6826e-05,0.96885,0.96031
-0.90279,0.30938,-0.14228,1.2406e-05,2.4001e-05,5.8048e-05,0.96858,0.9609
-0.90257,0.30931,-0.14374,1.2356e-05,2.3731e-05,6.7804e-05,0.9686,0.96099
-0.90221,0.30942,-0.14654,1.2561e-05,2.4717e-05,8.7124e-05,0.96869,0.96115
-0.90181,0.30963,-0.148,1.8193e-05,2.8171e-05,9.9309e-05,0.96886,0.96074
-0.901,0.31215,-0.14922,3.111e-05,0.00010599,0.00012601,0.97024,0.96039
-0.90069,0.31247,-0.15072,4.4287e-05,0.00013373,0.00015501,0.97081,0.95991
-0.90124,0.31064,-0.15157,5.0158e-05,0.00019341,0.00014361,0.97088,0.95999
-0.9013,0.30949,-0.15286,5.3311e-05,0.00020982,0.00012269,0.97092,0.95971
-0.90136,0.30948,-0.15297,5.6423e-05,0.00022534,0.00012595,0.97442,0.95768
-0.90137,0.30886,-0.15327,5.7558e-05,0.00023889,0.00012532,0.97121,0.95948
-0.90146,0.30879,-0.15327,5.8213e-05,0.00024013,0.00012572,0.97392,0.95751
-0.90178,0.30801,-0.15371,5.8535e-05,0.00023974,0.00011546,0.97425,0.95769
-0.90197,0.30685,-0.15385,5.872e-05,0.00024315,0.00011451,0.97433,0.95663
-0.90218,0.30588,-0.15433,5.8811e-05,0.00025117,0.00011674,0.97346,0.95751
-0.90276,0.30412,-0.15378,5.9122e-05,0.00026193,0.00010734,0.97244,0.9575
-0.90337,0.30257,-0.15336,5.2253e-05,0.00025885,0.00010306,0.97448,0.95707
-0.90455,0.29896,-0.15225,3.3966e-05,0.00012605,8.5759e-05,0.97412,0.95715
-0.90537,0.29716,-0.15133,1.9817e-05,9.2411e-05,6.1533e-05,0.97133,0.95869
-0.90535,0.29672,-0.1525,1.89e-05,8.7849e-05,5.9058e-05,0.97137,0.95842
-0.90553,0.29555,-0.15347,1.6436e-05,9.5209e-05,6.6359e-05,0.97078,0.95904
-0.90595,0.29351,-0.15404,1.3414e-05,6.9454e-05,6.2782e-05,0.97082,0.95942
-0.90651,0.29246,-0.15374,1.2646e-05,7.2744e-05,6.3921e-05,0.97082,0.95962
-0.90715,0.29047,-0.15384,1.4627e-05,7.8316e-05,6.1022e-05,0.97073,0.95981
-0.90776,0.28803,-0.15393,2.239e-05,8.2178e-05,6.3778e-05,0.97066,0.95959
-0.90866,0.28574,-0.15292,2.5003e-05,8.7715e-05,8.584e-05,0.97196,0.95822
-0.90976,0.28321,-0.1506,2.8333e-05,0.00010426,0.00011014,0.97124,0.95832
-0.9107,0.28106,-0.14788,3.1451e-05,0.00011841,0.00014955,0.97076,0.95857
-0.91191,0.27875,-0.14503,3.2623e-05,0.00011274,0.00019691,0.9707,0.95887
-0.91301,0.2763,-0.14298,3.1649e-05,8.9805e-05,0.00021488,0.97053,0.95862
-0.91375,0.27452,-0.14127,3.1567e-05,8.1574e-05,0.00021472,0.97047,0.9584
-0.91463,0.27284,-0.13869,3.1085e-05,7.9367e-05,0.00019093,0.97014,0.95858
-0.91581,0.27085,-0.13507,2.8733e-05,7.546e-05,0.0001565,0.97014,0.95859
-0.91682,0.26913,-0.13243,2.3844e-05,5.9884e-05,0.00012091,0.97007,0.95867
-0.91707,0.26873,-0.13158,2.5549e-05,5.6894e-05,0.00010137,0.97021,0.95824
-0.91663,0.26972,-0.13191,3.1976e-05,8.7605e-05,0.00012464,0.97026,0.95806
-0.9162,0.27056,-0.133,3.1257e-05,0.00010233,0.00016625,0.96816,0.96109
-0.91572,0.27132,-0.13433,3.4945e-05,0.00010784,0.00019433,0.96802,0.96117
-0.91528,0.27242,-0.13545,3.593e-05,0.00010798,0.0002032,0.9682,0.96119
-0.91461,0.27365,-0.13756,3.7768e-05,0.00010791,0.00021054,0.96813,0.9612
-0.91377,0.27498,-0.14066,3.7958e-05,0.00011041,0.00021574,0.96814,0.96121
-0.91296,0.27639,-0.14336,3.7588e-05,0.00011042,0.00022295,0.96823,0.96135
-0.91207,0.27782,-0.14558,3.7088e-05,0.0001063,0.00022225,0.9683,0.96133
-0.91118,0.27975,-0.1475,3.2962e-05,9.1183e-05,0.00019699,0.96826,0.96131
-0.91019,0.28121,-0.15024,2.6488e-05,6.3793e-05,0.00013409,0.97031,0.95882
-0.90929,0.28295,-0.15378,1.8505e-05,4.0618e-05,8.705e-05,0.97082,0.95864
-0.90874,0.28385,-0.15577,1.8367e-05,4.1364e-05,7.7978e-05,0.97222,0.95789
-0.90878,0.28347,-0.15573,1.7795e-05,3.8678e-05,6.7224e-05,0.97176,0.95753
-0.90898,0.28326,-0.15521,1.8445e-05,3.7514e-05,6.3409e-05,0.97255,0.95768
-0.90903,0.28299,-0.15601,1.8137e-05,3.9312e-05,6.6086e-05,0.97221,0.95769
-0.90881,0.28292,-0.15714,1.7121e-05,4.0187e-05,5.7945e-05,0.97224,0.95768
-0.90884,0.28263,-0.15737,1.7292e-05,4.2156e-05,5.6565e-05,0.97184,0.95754
-0.9092,0.28216,-0.15686,1.8894e-05,4.3341e-05,5.5545e-05,0.97277,0.95827
-0.9094,0.28151,-0.15658,1.9366e-05,4.522e-05,5.5694e-05,0.97264,0.95773
-0.90956,0.28073,-0.15716,1.9117e-05,4.7396e-05,5.8142e-05,0.97292,0.9583
-0.90963,0.27982,-0.15838,1.9162e-05,4.5936e-05,6.1294e-05,0.97154,0.95903
-0.90973,0.27953,-0.15904,1.6315e-05,4.2078e-05,5.5114e-05,0.96922,0.96077
-0.90989,0.27895,-0.15793,1.5735e-05,3.6181e-05,5.0838e-05,0.96883,0.96078
-0.91025,0.27798,-0.15705,9.4509e-06,1.889e-05,4.3174e-05,0.96831,0.96105
-0.91057,0.27718,-0.15778,9.0408e-06,1.2368e-05,3.7485e-05,0.96846,0.96125
-0.9105,0.27661,-0.15892,8.7696e-06,1.0495e-05,3.9892e-05,0.96842,0.9616
-0.91048,0.27631,-0.15927,8.7628e-06,1.0389e-05,4.4193e-05,0.9684,0.96152
-0.91062,0.2759,-0.1595,8.7122e-06,9.7046e-06,4.4028e-05,0.96827,0.96152
-0.91079,0.27562,-0.15958,9.1941e-06,9.6511e-06,4.2608e-05,0.9683,0.96152
-0.91068,0.27552,-0.15955,8.5441e-06,9.3441e-06,4.2591e-05,0.96803,0.96148
-0.91074,0.27542,-0.15948,8.5331e-06,8.8808e-06,4.2516e-05,0.96806,0.96142
-0.91098,0.27516,-0.15932,8.5989e-06,1.0292e-05,4.1847e-05,0.9681,0.96142
-0.91114,0.2749,-0.15921,8.7695e-06,1.1303e-05,4.2577e-05,0.96833,0.9614
-0.91111,0.27502,-0.15937,9.0729e-06,1.5113e-05,4.2368e-05,0.96845,0.96152
-0.91078,0.27599,-0.15886,1.1296e-05,3.5521e-05,5.4742e-05,0.9684,0.96126
-0.91069,0.27723,-0.15751,1.1979e-05,6.2902e-05,9.2169e-05,0.97112,0.95934
-0.91069,0.27811,-0.15628,1.2481e-05,6.8681e-05,0.00010971,0.97126,0.95944
-0.91039,0.27916,-0.15564,1.4053e-05,7.5331e-05,0.00010179,0.97107,0.95947
-0.91034,0.28004,-0.15415,1.5187e-05,7.6771e-05,9.7052e-05,0.97122,0.95886
-0.91048,0.28081,-0.15201,1.6418e-05,7.476e-05,0.0001158,0.96914,0.96059
-0.91043,0.28152,-0.15042,1.6285e-05,7.0752e-05,0.00013306,0.96878,0.96111
-0.91033,0.2822,-0.14918,1.6647e-05,6.8443e-05,0.00014646,0.96872,0.96081
-0.9102,0.28281,-0.14843,1.6275e-05,6.4165e-05,0.00014454,0.9686,0.96083
-0.90997,0.28361,-0.14802,1.573e-05,5.439e-05,0.00013582,0.9685,0.96083
-0.90979,0.28405,-0.14798,1.5197e-05,4.7317e-05,0.00013374,0.96938,0.9603
-0.90966,0.28405,-0.148,1.54e-05,4.4019e-05,0.00013361,0.96805,0.96075
-0.9101,0.28293,-0.14829,1.4515e-05,4.1554e-05,0.00013249,0.96809,0.96106
-0.91029,0.28166,-0.14885,1.4067e-05,2.789e-05,0.00012205,0.97202,0.95722
-0.91024,0.28114,-0.14914,1.3317e-05,2.6498e-05,0.00011656,0.96776,0.96093
-0.9107,0.28048,-0.14832,1.1814e-05,2.1682e-05,0.00010791,0.96802,0.96101
-0.91084,0.27997,-0.14867,1.0477e-05,1.926e-05,0.000106,0.96789,0.96119
-0.91063,0.27994,-0.15,9.8965e-06,1.8609e-05,9.0479e-05,0.96788,0.96111
-0.91049,0.27998,-0.15106,9.5188e-06,1.9284e-05,7.4283e-05,0.96785,0.9614
-0.91032,0.27964,-0.15249,9.2766e-06,1.7696e-05,5.6411e-05,0.96783,0.96137
-0.91035,0.27948,-0.1526,9.2907e-06,1.7239e-05,5.3736e-05,0.96783,0.96137
-0.91054,0.27925,-0.15147,9.3451e-06,1.5666e-05,5.5949e-05,0.96773,0.96131
-0.91078,0.27918,-0.14989,1.003e-05,1.5844e-05,4.2036e-05,0.96786,0.96116
-0.91115,0.27933,-0.14865,9.8306e-06,2.1444e-05,2.8526e-05,0.96811,0.96134
-0.91123,0.27904,-0.14839,9.7084e-06,2.4034e-05,2.6727e-05,0.96972,0.95831
-0.91115,0.27849,-0.1494,9.9385e-06,3.0454e-05,2.8839e-05,0.96959,0.95826
-0.91094,0.27836,-0.15132,1.1928e-05,5.8947e-05,6.5054e-05,0.97057,0.9578
-0.91067,0.27817,-0.15311,1.2832e-05,6.2472e-05,9.2227e-05,0.97127,0.95798
-0.91047,0.27807,-0.15451,1.4074e-05,6.4174e-05,0.00011415,0.97189,0.95772
-0.9105,0.27794,-0.15489,1.3518e-05,6.9679e-05,0.00011841,0.97152,0.95763
-0.91061,0.27797,-0.15436,1.3898e-05,6.9952e-05,0.00012768,0.97164,0.9573
-0.91096,0.27796,-0.15348,1.4359e-05,7.9893e-05,0.00013859,0.97147,0.95797
-0.91086,0.27796,-0.15419,1.46e-05,7.9928e-05,0.00013745,0.97223,0.95724
-0.91019,0.27929,-0.15593,1.9315e-05,0.00010901,0.00013696,0.97144,0.95761
-0.90924,0.28105,-0.15819,2.9658e-05,0.00014918,0.0001644,0.97255,0.95717
-0.90888,0.28197,-0.15752,4.2197e-05,0.00016333,0.00022807,0.97223,0.95578
-0.90838,0.28417,-0.15847,4.3655e-05,0.00019056,0.00023007,0.97318,0.95611
-0.90804,0.28559,-0.15828,4.3908e-05,0.00018504,0.00024655,0.97397,0.95566
-0.90807,0.28595,-0.15746,4.2792e-05,0.00015445,0.00022969,0.97342,0.95577
-0.90803,0.2863,-0.15668,4.2985e-05,0.00014663,0.0002155,0.97363,0.9559
-0.90805,0.28691,-0.15543,4.2346e-05,0.00014061,0.00020179,0.97367,0.95522
-0.90802,0.2873,-0.15479,4.2208e-05,0.00013136,0.00020008,0.97225,0.95837
-0.90792,0.28732,-0.15557,4.115e-05,0.0001308,0.00018764,0.97372,0.95569
-0.90743,0.28763,-0.15712,3.8369e-05,0.00011727,0.00017565,0.97308,0.95655
-0.90725,0.28789,-0.15761,3.7831e-05,0.00011424,0.0001752,0.97317,0.95692
-0.90765,0.28689,-0.15703,3.5988e-05,0.0001043,0.00016824,0.97288,0.957
-0.90834,0.28589,-0.15525,2.7283e-05,7.8656e-05,0.00012901,0.97276,0.957
-0.90826,0.28552,-0.15679,1.3684e-05,6.1235e-05,6.4701e-05,0.96926,0.96103
-0.90825,0.2842,-0.15735,1.0735e-05,3.0138e-05,6.1246e-05,0.9691,0.96054
-0.90848,0.28338,-0.15839,9.7679e-06,2.0535e-05,5.2212e-05,0.96868,0.96119
-0.90817,0.28335,-0.15975,1.1968e-05,2.6323e-05,8.3187e-05,0.97086,0.95853
-0.90807,0.2833,-0.16052,1.2437e-05,2.6559e-05,9.8037e-05,0.97096,0.95856
-0.90815,0.28214,-0.16202,1.3119e-05,3.522e-05,0.00010747,0.97146,0.95845
-0.90798,0.28107,-0.16409,1.2702e-05,3.9729e-05,0.00010148,0.97139,0.95788
-0.90796,0.28022,-0.16563,1.2716e-05,4.3319e-05,9.0287e-05,0.97131,0.95825
-0.90839,0.2793,-0.16599,1.4151e-05,4.6431e-05,9.1133e-05,0.97168,0.9586
-0.90863,0.27853,-0.16611,1.436e-05,4.7626e-05,9.0163e-05,0.97143,0.95855
-0.90882,0.27778,-0.16689,1.4608e-05,4.7564e-05,8.4364e-05,0.97095,0.95883
-0.90873,0.27657,-0.16911,1.4257e-05,4.2096e-05,6.8244e-05,0.97061,0.95913
-0.90877,0.27548,-0.1707,1.3612e-05,3.7064e-05,5.8352e-05,0.97041,0.95947
-0.90908,0.27429,-0.17096,1.4014e-05,3.3043e-05,5.5886e-05,0.97095,0.95944
-0.90912,0.27377,-0.17134,1.4808e-05,3.614e-05,5.6425e-05,0.97133,0.95934
-0.90958,0.27279,-0.16992,1.2546e-05,2.5315e-05,6.0368e-05,0.9701,0.95967
-0.90994,0.27281,-0.16859,1.1183e-05,2.9192e-05,7.2773e-05,0.97041,0.95954
-0.91014,0.27314,-0.16715,1.1605e-05,3.0847e-05,7.9408e-05,0.97042,0.96003
-0.9104,0.27293,-0.16655,1.2506e-05,3.1646e-05,8.0284e-05,0.97021,0.95986
-0.91022,0.27273,-0.16747,1.34e-05,3.237e-05,9.7742e-05,0.97034,0.95969
-0.9099,0.27302,-0.1679,1.3144e-05,3.3028e-05,9.8168e-05,0.97029,0.9599
-0.90986,0.2731,-0.16824,1.3273e-05,3.2548e-05,9.6295e-05,0.97033,0.95877
-0.90971,0.27347,-0.16833,1.3232e-05,3.4329e-05,9.5594e-05,0.97012,0.95957
-0.90974,0.27351,-0.16794,1.3048e-05,3.5058e-05,8.953e-05,0.97024,0.95904
-0.90985,0.27357,-0.1678,1.3229e-05,3.4895e-05,8.6953e-05,0.97038,0.95869
-0.90968,0.27402,-0.16799,1.2899e-05,3.3635e-05,8.8565e-05,0.97113,0.95811
-0.9096,0.27431,-0.16761,1.2222e-05,2.9068e-05,8.3082e-05,0.96816,0.96142
-0.90951,0.27482,-0.16833,1.1342e-05,2.5045e-05,7.5898e-05,0.96829,0.9615
-0.90932,0.27437,-0.17012,1.0987e-05,1.7361e-05,6.0365e-05,0.96821,0.96154
-0.90903,0.27418,-0.17151,9.8536e-06,1.5976e-05,4.0062e-05,0.96795,0.96155
-0.90896,0.27443,-0.1714,8.2582e-06,1.5415e-05,3.7357e-05,0.96785,0.96159
-0.90918,0.27475,-0.17032,8.4371e-06,1.3714e-05,2.8946e-05,0.96808,0.96167
-0.90906,0.2748,-0.17122,9.1611e-06,1.3857e-05,3.949e-05,0.96838,0.96175
-0.9087,0.27503,-0.1724,9.7137e-06,1.4638e-05,4.5942e-05,0.96829,0.96169
-0.90867,0.27513,-0.17274,9.8565e-06,1.5541e-05,4.5209e-05,0.96839,0.96173
-0.90872,0.27575,-0.17212,9.7635e-06,1.5584e-05,4.972e-05,0.96856,0.96186
-0.90867,0.27632,-0.17106,9.3774e-06,1.5323e-05,5.3858e-05,0.96835,0.96185
-0.90877,0.27622,-0.17071,9.5538e-06,1.5325e-05,5.3936e-05,0.96843,0.96171
-0.90884,0.27577,-0.17122,9.5762e-06,1.7117e-05,5.1524e-05,0.96846,0.96175
-0.90899,0.27519,-0.17155,9.9995e-06,1.9227e-05,5.0321e-05,0.96846,0.96181
-0.90919,0.2748,-0.17088,1.0709e-05,2.0549e-05,5.3565e-05,0.9685,0.96167
-0.90951,0.27475,-0.16953,1.0947e-05,2.0272e-05,7.1379e-05,0.9687,0.96182
-0.90957,0.27474,-0.1689,1.1653e-05,1.9714e-05,8.0261e-05,0.9687,0.96159
-0.90958,0.27464,-0.1689,1.1009e-05,2.0015e-05,8.1123e-05,0.96847,0.96175
-0.90974,0.27436,-0.16837,1.0309e-05,2.0072e-05,6.9309e-05,0.96831,0.96166
-0.91011,0.27386,-0.16761,8.4852e-06,1.8464e-05,5.492e-05,0.96841,0.96182
-0.91031,0.27335,-0.16688,8.015e-06,1.5635e-05,5.4135e-05,0.96815,0.96174
-0.91039,0.273,-0.16663,8.4229e-06,1.3381e-05,5.5044e-05,0.96883,0.96102
-0.91027,0.27328,-0.16689,8.9653e-06,1.7959e-05,5.6322e-05,0.96821,0.9617
-0.91001,0.27333,-0.16764,1.1848e-05,3.6661e-05,6.6843e-05,0.96899,0.96056
-0.90956,0.27397,-0.16811,1.6201e-05,5.6273e-05,8.6974e-05,0.97039,0.95897
-0.90974,0.27475,-0.16666,1.8186e-05,6.4512e-05,0.00011827,0.97066,0.95866
-0.91002,0.27504,-0.16454,1.9554e-05,6.3342e-05,0.00015998,0.97051,0.95898
-0.91,0.27534,-0.16344,1.9686e-05,6.3521e-05,0.00019162,0.9713,0.95693
-0.91011,0.27571,-0.16236,1.9806e-05,6.3713e-05,0.00021753,0.97135,0.95751
-0.91011,0.27614,-0.16103,1.9935e-05,6.3737e-05,0.00022161,0.97127,0.95724
-0.9102,0.27645,-0.15959,1.9656e-05,6.2891e-05,0.00020379,0.97116,0.95701
-0.91003,0.27698,-0.15908,2.0708e-05,6.1358e-05,0.00019433,0.97104,0.95668
-0.9097,0.27762,-0.15948,2.1776e-05,6.1197e-05,0.00019871,0.97125,0.956
-0.9096,0.27783,-0.15985,2.1474e-05,5.9682e-05,0.00020284,0.97117,0.95592
-0.90995,0.27714,-0.15933,2.1802e-05,5.8615e-05,0.00019689,0.97177,0.95617
-0.9104,0.27706,-0.15765,1.9279e-05,4.2195e-05,0.00016775,0.97131,0.95735
-0.91057,0.27766,-0.15627,1.6019e-05,3.2034e-05,0.00012062,0.96968,0.95853
-0.91001,0.27795,-0.15736,1.5517e-05,2.724e-05,0.00011076,0.96848,0.96075
-0.90972,0.27788,-0.1589,1.3854e-05,2.8439e-05,9.0342e-05,0.96834,0.96072
-0.90967,0.27785,-0.15998,1.382e-05,2.8667e-05,6.8614e-05,0.96847,0.96076
-0.90959,0.27796,-0.16083,1.4042e-05,2.8728e-05,5.2247e-05,0.96882,0.96052
-0.90955,0.27762,-0.16211,1.4202e-05,3.0035e-05,4.5939e-05,0.96869,0.96071
-0.90984,0.27703,-0.16215,1.5225e-05,3.5099e-05,4.3453e-05,0.96898,0.96075
-0.91018,0.27673,-0.16126,1.522e-05,3.642e-05,4.466e-05,0.96895,0.9609
-0.91038,0.27644,-0.16104,1.4502e-05,3.5574e-05,4.3861e-05,0.96867,0.9612
-0.91022,0.27659,-0.16118,1.5333e-05,3.654e-05,4.5292e-05,0.96867,0.96109
-0.90994,0.27697,-0.16136,1.4861e-05,3.5447e-05,4.5743e-05,0.96845,0.96106
-0.90974,0.27737,-0.16149,1.4202e-05,3.2117e-05,4.4174e-05,0.96828,0.96104
-0.9099,0.27665,-0.1617,1.3431e-05,2.3763e-05,4.4297e-05,0.96832,0.96104
-0.91006,0.27633,-0.16194,1.2613e-05,2.2305e-05,4.7422e-05,0.96823,0.96112
-0.90991,0.27665,-0.16218,1.2696e-05,2.1579e-05,4.6445e-05,0.96841,0.96107
-0.90965,0.27716,-0.16244,1.2937e-05,2.2795e-05,4.3775e-05,0.96846,0.96095
-0.90941,0.27695,-0.16321,1.2342e-05,2.2248e-05,3.8602e-05,0.96837,0.96087
-0.90934,0.27712,-0.16348,1.2097e-05,2.1177e-05,4.134e-05,0.96835,0.96098
-0.90897,0.2779,-0.16376,1.0569e-05,1.7203e-05,3.9958e-05,0.96823,0.9609
-0.90865,0.27846,-0.16417,9.4831e-06,1.587e-05,3.5725e-05,0.96819,0.96083
-0.9085,0.27857,-0.16424,9.2e-06,1.5089e-05,3.4737e-05,0.96803,0.96067
-0.90885,0.27812,-0.16373,9.467e-06,1.5991e-05,3.3119e-05,0.96819,0.96093
-0.9091,0.2778,-0.1633,1.0027e-05,1.7158e-05,3.6045e-05,0.96832,0.96097
-0.90926,0.27777,-0.16316,1.13e-05,1.7586e-05,3.8862e-05,0.9686,0.96093
-0.90932,0.27749,-0.1635,1.1522e-05,1.8456e-05,4.5679e-05,0.96873,0.96077
-0.90942,0.27679,-0.16382,1.1623e-05,1.9306e-05,5.68e-05,0.96873,0.96064
-0.90966,0.27607,-0.16431,1.205e-05,2.3661e-05,6.0031e-05,0.96891,0.96086
-0.90999,0.27547,-0.16423,1.1999e-05,2.0942e-05,6.2394e-05,0.96901,0.96098
-0.91029,0.27537,-0.16311,1.187e-05,2.1502e-05,7.4056e-05,0.96897,0.96103
-0.9106,0.27519,-0.16178,1.1913e-05,2.1583e-05,7.3003e-05,0.96896,0.96114
-0.91085,0.27461,-0.16127,1.1654e-05,1.9797e-05,7.527e-05,0.96891,0.96111
-0.91119,0.27412,-0.16076,1.1552e-05,1.5714e-05,7.8572e-05,0.96907,0.96116
-0.91169,0.27387,-0.15965,1.0633e-05,1.531e-05,7.9471e-05,0.96919,0.96139
-0.91178,0.27352,-0.15954,1.0849e-05,1.6996e-05,7.9342e-05,0.96874,0.96196
-0.91171,0.27323,-0.16021,1.1013e-05,1.7528e-05,8.1599e-05,0.96854,0.96188
-0.91174,0.27257,-0.16041,1.0205e-05,1.6842e-05,7.9186e-05,0.96835,0.96178
-0.91206,0.27226,-0.15957,9.2994e-06,1.8476e-05,6.9291e-05,0.97106,0.95824
-0.9122,0.27232,-0.15887,8.9608e-06,1.8988e-05,4.8215e-05,0.97079,0.95854
-0.9122,0.27262,-0.15889,9.2149e-06,1.8088e-05,4.8258e-05,0.97078,0.95832
-0.91186,0.27293,-0.15983,1.0446e-05,2.0659e-05,5.3989e-05,0.9705,0.95858
-0.91168,0.27295,-0.16098,1.1001e-05,2.0781e-05,4.7671e-05,0.97077,0.95863
-0.91201,0.27186,-0.16058,1.3218e-05,3.5068e-05,5.6443e-05,0.96845,0.96164
-0.91253,0.27104,-0.15961,2.0488e-05,4.6584e-05,8.013e-05,0.97092,0.95945
-0.91256,0.27087,-0.15898,2.1223e-05,5.1898e-05,9.1553e-05,0.97088,0.95839
-0.91239,0.27158,-0.15827,2.145e-05,6.6257e-05,0.00011165,0.97101,0.95823
-0.91206,0.27245,-0.15797,2.2396e-05,7.3999e-05,0.00011041,0.97092,0.95847
-0.91203,0.27384,-0.15636,2.2584e-05,9.3433e-05,0.00011664,0.97124,0.95867
-0.91182,0.2754,-0.15511,2.3093e-05,0.00010737,0.00012967,0.97127,0.95936
-0.91135,0.27639,-0.1556,2.4074e-05,0.00011064,0.00013964,0.97199,0.95895
-0.91106,0.27716,-0.15575,2.473e-05,0.00011261,0.00014416,0.97184,0.95975
-0.91084,0.27789,-0.15496,3.0136e-05,0.00011553,0.00013742,0.97228,0.95855
-0.91062,0.27983,-0.15391,3.8728e-05,0.0001902,0.00012597,0.97306,0.95752
-0.91075,0.27933,-0.15303,4.3694e-05,0.00024424,0.00012741,0.97371,0.95604
-0.9102,0.28103,-0.15319,4.2187e-05,0.00023611,0.00012338,0.97361,0.95623
-0.90935,0.28376,-0.15352,3.2756e-05,0.00021627,0.00011662,0.9731,0.95744
-0.90913,0.28509,-0.15341,3.0749e-05,0.00020678,0.00011933,0.97232,0.95524
-0.90896,0.28484,-0.15397,3.0174e-05,0.00020536,0.00010844,0.97226,0.95536
-0.9091,0.28487,-0.15388,3.0141e-05,0.00020346,0.00010775,0.9725,0.95569
-0.90924,0.28435,-0.15405,3.0477e-05,0.00020126,0.00010422,0.97238,0.95535
-0.90937,0.28377,-0.15456,3.0796e-05,0.00020258,9.8627e-05,0.97247,0.95539
-0.90942,0.28385,-0.15384,3.0462e-05,0.00019831,8.7915e-05,0.97229,0.95547
-0.90944,0.28411,-0.15291,3.0679e-05,0.00019285,6.9588e-05,0.97279,0.95522
-0.90954,0.28401,-0.15219,2.5224e-05,0.00018906,5.6498e-05,0.97198,0.95594
-0.91007,0.28234,-0.15118,1.6844e-05,0.00012882,5.3247e-05,0.97089,0.95639
-0.90991,0.28301,-0.15119,1.1562e-05,7.4771e-05,4.6716e-05,0.9702,0.95893
-0.90974,0.28261,-0.15256,1.2364e-05,5.4613e-05,7.2933e-05,0.97101,0.95879
-0.91017,0.28053,-0.15373,1.4573e-05,4.7116e-05,8.0061e-05,0.97106,0.95821
-0.91039,0.27895,-0.15439,1.6621e-05,4.426e-05,7.8005e-05,0.97019,0.95917
-0.9105,0.27816,-0.15587,2.5851e-05,6.6974e-05,0.00014665,0.97156,0.9583
-0.91048,0.27747,-0.15721,2.6076e-05,7.3444e-05,0.00016894,0.9719,0.9585
-0.91023,0.27738,-0.15837,2.8701e-05,9.5308e-05,0.00017599,0.97237,0.95733
-0.91022,0.27783,-0.15826,2.8794e-05,0.00010246,0.00017809,0.97217,0.95762
-0.91026,0.27787,-0.15832,2.8958e-05,0.00010413,0.0001778,0.97255,0.95726
-0.91029,0.27772,-0.15925,2.8886e-05,0.00010515,0.00018862,0.97245,0.95711
-0.90966,0.27813,-0.16059,3.6105e-05,0.00010998,0.00019735,0.97252,0.95648
-0.90963,0.27778,-0.16161,3.674e-05,0.00010961,0.00017824,0.97233,0.95615
-0.90995,0.2775,-0.16072,3.8406e-05,0.00010482,0.00019625,0.97261,0.95641
-0.91049,0.27737,-0.15823,3.689e-05,0.00010246,0.00022226,0.97259,0.95655
-0.91067,0.27766,-0.15639,3.6248e-05,9.8205e-05,0.0002391,0.97198,0.95703
-0.91076,0.2777,-0.15581,3.5175e-05,9.5205e-05,0.000242,0.97228,0.95752
-0.91098,0.27761,-0.15427,2.6376e-05,7.6489e-05,0.00017141,0.9723,0.95737
-0.91135,0.27726,-0.15238,2.6593e-05,7.7566e-05,0.00014062,0.97251,0.95705
-0.91183,0.27646,-0.15116,2.4422e-05,5.7409e-05,0.00011958,0.97217,0.95816
-0.91227,0.27473,-0.15078,2.6065e-05,5.0155e-05,0.00012146,0.97192,0.95796
-0.91289,0.27302,-0.15053,2.642e-05,5.2015e-05,0.0001218,0.97188,0.9581
-0.91344,0.27122,-0.14981,2.4612e-05,5.4439e-05,0.00010042,0.96865,0.9608
-0.91449,0.26926,-0.14893,1.1304e-05,4.2587e-05,6.7434e-05,0.9687,0.96113
-0.9148,0.2685,-0.14809,1.0295e-05,3.7207e-05,6.0851e-05,0.96865,0.9614
-0.9149,0.26783,-0.14839,1.0236e-05,3.3726e-05,5.821e-05,0.96869,0.96133
-0.91506,0.26678,-0.14945,1.0551e-05,3.1015e-05,5.1911e-05,0.96884,0.96136
-0.91519,0.2656,-0.15019,1.0605e-05,3.0016e-05,4.4544e-05,0.96873,0.96131
-0.91489,0.2657,-0.15116,1.3668e-05,4.0988e-05,4.6893e-05,0.96864,0.96125
-0.91341,0.26983,-0.15291,4.9117e-05,0.00029325,8.5273e-05,0.97078,0.95823
-0.91215,0.27283,-0.15544,6.7076e-05,0.00040263,0.00014778,0.97206,0.95809
-0.9114,0.27393,-0.15808,6.9685e-05,0.0004125,0.00018545,0.97181,0.95755
-0.91011,0.27581,-0.16164,7.4554e-05,0.00042219,0.00021985,0.97159,0.95817
-0.90894,0.27814,-0.16464,7.4727e-05,0.0004228,0.00026231,0.97234,0.95853
-0.90778,0.28057,-0.16702,7.5343e-05,0.0004007,0.00029919,0.97211,0.95839
-0.90692,0.28271,-0.16881,7.0377e-05,0.00036821,0.00030001,0.97242,0.95868
-0.90596,0.28443,-0.17094,6.4089e-05,0.00034979,0.0002533,0.97231,0.95863
-0.90501,0.28638,-0.17296,5.5879e-05,0.0003223,0.00020366,0.97213,0.95894
-0.90391,0.28857,-0.17522,4.462e-05,0.00027027,0.00016143,0.97206,0.9589
-0.9028,0.29072,-0.17761,2.9302e-05,0.00019549,0.00010014,0.97172,0.95899
-0.90236,0.29157,-0.17943,2.4457e-05,0.0001693,6.4259e-05,0.97186,0.95922
-0.903,0.28931,-0.17975,1.3156e-05,7.3823e-05,5.4679e-05,0.97119,0.95979
-0.9033,0.28807,-0.18008,1.0018e-05,3.4577e-05,5.1149e-05,0.9699,0.96051
-0.90295,0.28851,-0.18104,8.9783e-06,3.0882e-05,5.6224e-05,0.96985,0.96084
-0.903,0.28852,-0.18133,9.0368e-06,3.1038e-05,5.9674e-05,0.96989,0.96045
-0.90297,0.28871,-0.18091,8.8857e-06,3.0928e-05,5.4672e-05,0.96992,0.96041
-0.90288,0.28892,-0.18119,9.3223e-06,3.0539e-05,6.1309e-05,0.96831,0.96215
-0.90229,0.28957,-0.18262,1.0788e-05,3.2968e-05,7.4618e-05,0.9683,0.96215
-0.90192,0.29009,-0.18414,1.1579e-05,3.4544e-05,6.8455e-05,0.96837,0.96236
-0.90166,0.29032,-0.18558,1.1798e-05,3.5008e-05,5.6273e-05,0.96846,0.96248
-0.9013,0.29095,-0.1868,1.2122e-05,3.7353e-05,5.7822e-05,0.96846,0.96266
-0.90106,0.29167,-0.1875,1.174e-05,3.482e-05,5.4249e-05,0.97043,0.96077
-0.90102,0.29239,-0.18697,1.0495e-05,1.9824e-05,6.7347e-05,0.97053,0.96079
-0.90115,0.29221,-0.18678,1.1223e-05,1.8918e-05,7.2305e-05,0.96865,0.9628
-0.90118,0.29172,-0.187,1.098e-05,2.3099e-05,7.1449e-05,0.96842,0.96272
-0.90141,0.29122,-0.18609,1.2515e-05,3.153e-05,7.5988e-05,0.96858,0.96234
-0.9018,0.29091,-0.18473,1.4602e-05,3.4194e-05,8.89e-05,0.96859,0.96227
-0.90214,0.29025,-0.18346,1.5773e-05,3.5063e-05,0.00011071,0.9698,0.96042
-0.90247,0.28964,-0.18237,1.5436e-05,3.7273e-05,0.00010385,0.96869,0.96123
-0.90292,0.2889,-0.18121,1.339e-05,3.5219e-05,8.8253e-05,0.96814,0.96205
-0.90331,0.28802,-0.18027,1.2187e-05,3.3932e-05,8.0938e-05,0.96819,0.96191
-0.90379,0.2872,-0.17867,1.1862e-05,3.2755e-05,8.0437e-05,0.96811,0.96183
-0.90454,0.28589,-0.17668,1.0662e-05,2.7311e-05,6.518e-05,0.96813,0.96183
-0.90472,0.28506,-0.17643,9.6733e-06,2.2465e-05,5.8782e-05,0.96809,0.96165
-0.90452,0.28477,-0.17742,1.0274e-05,2.0325e-05,6.2661e-05,0.96808,0.96142
-0.90457,0.28473,-0.17718,1.0274e-05,1.9598e-05,6.5673e-05,0.9679,0.96152
-0.90474,0.28505,-0.1761,1.0237e-05,2.0514e-05,5.7601e-05,0.96807,0.96152
-0.90483,0.28506,-0.17572,9.4591e-06,1.8032e-05,5.5243e-05,0.96793,0.96173
-0.90487,0.28489,-0.17581,9.574e-06,1.7689e-05,5.3372e-05,0.96788,0.96193
-0.90486,0.28459,-0.1759,1.0261e-05,1.8589e-05,5.1885e-05,0.96801,0.96166
-0.90531,0.28413,-0.17508,1.2225e-05,2.1725e-05,5.6127e-05,0.96824,0.96169
-0.90586,0.28331,-0.17365,1.4827e-05,2.6884e-05,6.1047e-05,0.9683,0.96161
-0.90618,0.28289,-0.17282,1.4776e-05,3.1695e-05,6.0147e-05,0.96841,0.96146
-0.9065,0.2826,-0.1722,1.6384e-05,3.2982e-05,6.873e-05,0.96863,0.96147
-0.90643,0.28254,-0.1725,1.6644e-05,3.3483e-05,6.9227e-05,0.96857,0.96138
-0.9066,0.2823,-0.17236,1.6605e-05,3.3132e-05,6.8715e-05,0.96869,0.96152
-0.90693,0.2818,-0.17118,1.4672e-05,2.9913e-05,5.42e-05,0.96861,0.96138
-0.90731,0.28092,-0.17105,1.5506e-05,2.3059e-05,5.3814e-05,0.96875,0.96138
-0.90747,0.28019,-0.17125,1.518e-05,1.7928e-05,5.8116e-05,0.97068,0.9599
-0.90763,0.27954,-0.17082,1.4934e-05,1.7921e-05,5.765e-05,0.97075,0.9597
-0.90807,0.27882,-0.16961,1.6809e-05,2.0599e-05,6.5735e-05,0.97074,0.95948
-0.90856,0.27814,-0.16864,1.6929e-05,2.2048e-05,7.5742e-05,0.97096,0.95994
-0.90874,0.27782,-0.16801,1.7367e-05,2.2252e-05,8.0339e-05,0.97083,0.95963
-0.90871,0.27763,-0.1682,1.6234e-05,2.2779e-05,7.8042e-05,0.96865,0.96134
-0.90886,0.27694,-0.16844,1.5652e-05,2.1442e-05,7.7538e-05,0.96833,0.96157
-0.90911,0.276,-0.16835,1.7261e-05,2.8399e-05,7.9527e-05,0.97249,0.95814
-0.90963,0.27503,-0.16693,1.7238e-05,3.0969e-05,8.6476e-05,0.97218,0.95826
-0.91017,0.27422,-0.16566,1.4556e-05,2.7261e-05,6.4729e-05,0.96809,0.96155
-0.91051,0.2732,-0.16602,1.2984e-05,2.3553e-05,6.8926e-05,0.96842,0.96168
-0.91045,0.27234,-0.16639,1.2989e-05,2.0582e-05,7.2784e-05,0.96827,0.96129
-0.91098,0.27183,-0.16509,1.2564e-05,1.6954e-05,6.1289e-05,0.96844,0.96148
-0.91108,0.27167,-0.16498,1.4937e-05,3.9735e-05,7.3632e-05,0.96854,0.96127
-0.91087,0.2722,-0.16529,1.4609e-05,5.57e-05,7.5603e-05,0.97051,0.95922
-0.91078,0.2729,-0.16494,1.4409e-05,6.6531e-05,8.2398e-05,0.97125,0.95862
-0.91061,0.27311,-0.16431,1.5495e-05,6.848e-05,9.1365e-05,0.9712,0.95815
-0.9109,0.27292,-0.16254,1.6169e-05,6.8848e-05,0.00011924,0.97114,0.95946
-0.91111,0.27318,-0.16082,1.6354e-05,6.9998e-05,0.00012037,0.97141,0.95921
-0.9108,0.2746,-0.15942,1.5668e-05,7.8459e-05,0.00013651,0.97135,0.95916
-0.91069,0.27597,-0.15806,1.5543e-05,8.7998e-05,0.00017003,0.97107,0.95888
-0.91046,0.27698,-0.15679,1.5604e-05,9.1086e-05,0.00016594,0.971,0.95867
-0.91024,0.27828,-0.15533,1.6467e-05,9.0199e-05,0.0001342,0.97141,0.95838
-0.91011,0.27955,-0.15416,1.6705e-05,8.5917e-05,0.00010864,0.97097,0.9586
-0.90978,0.28054,-0.15385,1.5685e-05,8.7357e-05,0.00010944,0.97133,0.95871
-0.90995,0.28148,-0.15152,1.6662e-05,6.6645e-05,8.6117e-05,0.97107,0.95892
-0.90996,0.28216,-0.14962,2.7878e-05,0.0001031,8.1214e-05,0.97174,0.95731
-0.91067,0.28035,-0.14883,3.4597e-05,0.00013717,8.3989e-05,0.97154,0.95709
-0.91085,0.2802,-0.14919,3.4017e-05,0.00014109,9.0569e-05,0.96891,0.96041
-0.91035,0.28155,-0.15024,3.4474e-05,0.00013849,9.4326e-05,0.9688,0.96074
-0.9101,0.28268,-0.15025,3.3981e-05,0.00013536,9.6801e-05,0.96873,0.96086
-0.91004,0.28226,-0.1517,3.4144e-05,0.00015028,0.00010618,0.96885,0.96076
-0.91065,0.28,-0.15244,5.6534e-05,0.00020494,0.00010567,0.97529,0.95452
-0.91157,0.27751,-0.15129,6.2433e-05,0.00026616,0.00012374,0.97487,0.9552
-0.91256,0.27533,-0.1497,6.491e-05,0.00028806,0.00013384,0.97474,0.95502
-0.91327,0.27396,-0.14795,6.3532e-05,0.00028287,0.00013622,0.97478,0.95388
-0.91373,0.2727,-0.14681,6.1912e-05,0.00026863,0.00012568,0.97438,0.9535
-0.91406,0.27142,-0.14785,5.6975e-05,0.00025083,0.00012526,0.97448,0.95351
-0.91403,0.26987,-0.15036,4.582e-05,0.00017981,0.0001532,0.97353,0.95566
-0.91329,0.27079,-0.15254,4.4694e-05,0.00017123,0.00017695,0.97345,0.95593
-0.91309,0.27117,-0.15291,4.5315e-05,0.00017731,0.00018344,0.97317,0.95591
-0.91301,0.27107,-0.15275,4.6053e-05,0.00017649,0.00018226,0.97278,0.95561
-0.91275,0.27069,-0.1546,4.9207e-05,0.00016931,0.00021314,0.97355,0.95547
-0.91262,0.2708,-0.15492,5.0498e-05,0.00015524,0.00021834,0.97268,0.95571
-0.9118,0.27262,-0.15581,3.0828e-05,0.00012926,0.00020003,0.97049,0.9588
-0.91074,0.27531,-0.1581,2.6402e-05,9.7591e-05,0.00017581,0.97024,0.95881
-0.90949,0.27758,-0.16066,2.2328e-05,7.804e-05,0.00014617,0.97011,0.95874
-0.90877,0.2794,-0.1625,1.8366e-05,8.066e-05,9.8093e-05,0.96832,0.96096
-0.90814,0.28051,-0.1639,1.5792e-05,7.3909e-05,6.6358e-05,0.97031,0.9586
-0.90787,0.28156,-0.16371,1.3148e-05,6.7405e-05,6.9328e-05,0.97046,0.95895
-0.9079,0.28228,-0.16268,1.2995e-05,5.6885e-05,6.653e-05,0.97054,0.95886
-0.90764,0.283,-0.16262,1.1844e-05,4.607e-05,6.4338e-05,0.97039,0.95884
-0.90749,0.2829,-0.16307,1.1668e-05,4.283e-05,6.2514e-05,0.96993,0.95876
-0.90779,0.28232,-0.16346,1.2263e-05,3.9302e-05,5.7488e-05,0.96827,0.96106
-0.90809,0.28219,-0.16223,1.2351e-05,3.5047e-05,4.8504e-05,0.96834,0.96102
-0.90813,0.28197,-0.16234,1.2192e-05,3.4373e-05,4.907e-05,0.96826,0.96112
-0.90808,0.28197,-0.16299,1.1918e-05,3.3517e-05,4.975e-05,0.96832,0.96115
-0.90812,0.28148,-0.16317,1.1787e-05,3.004e-05,4.6443e-05,0.96833,0.96116
-0.90857,0.28129,-0.16168,1.2131e-05,2.9665e-05,5.8216e-05,0.96858,0.96136
-0.90883,0.28048,-0.1606,1.3003e-05,2.7226e-05,8.0932e-05,0.96846,0.96111
-0.90898,0.2801,-0.16026,1.2713e-05,2.8324e-05,8.4084e-05,0.96976,0.95849
-0.90898,0.2797,-0.16059,1.3092e-05,2.3242e-05,7.9714e-05,0.96945,0.95817
-0.90915,0.28,-0.15981,1.3687e-05,2.3848e-05,9.1051e-05,0.96828,0.96115
-0.90942,0.28009,-0.15832,1.3097e-05,2.3787e-05,8.7831e-05,0.96951,0.9583
-0.90951,0.28024,-0.15762,1.3034e-05,2.4352e-05,8.1886e-05,0.9701,0.95808
-0.90945,0.2801,-0.15789,1.3354e-05,2.5436e-05,8.4182e-05,0.9707,0.95822
-0.90945,0.27982,-0.15837,1.371e-05,2.6989e-05,8.744e-05,0.97111,0.958
-0.90945,0.28066,-0.15726,1.3832e-05,3.6051e-05,8.4968e-05,0.97161,0.95828
-0.9093,0.28143,-0.15633,1.4775e-05,4.2375e-05,7.7624e-05,0.97142,0.95847
-0.90945,0.28191,-0.15527,1.4981e-05,4.7438e-05,6.9093e-05,0.97252,0.95624
-0.90971,0.28126,-0.15457,1.4375e-05,5.1791e-05,7.5255e-05,0.97158,0.95848
-0.90987,0.28107,-0.15442,1.5015e-05,4.77e-05,7.2688e-05,0.97159,0.95801
-0.90978,0.28106,-0.15501,1.4865e-05,4.6556e-05,8.1039e-05,0.97167,0.95658
-0.90951,0.28159,-0.15554,1.406e-05,4.5262e-05,8.4259e-05,0.97153,0.95698
-0.90924,0.28149,-0.15657,1.3725e-05,4.5628e-05,8.0528e-05,0.97151,0.9567
-0.90922,0.2814,-0.15731,1.3906e-05,4.588e-05,7.7454e-05,0.97153,0.9567
-0.90927,0.28128,-0.15718,1.3908e-05,4.6124e-05,7.728e-05,0.97153,0.95738
-0.90917,0.28208,-0.15611,1.3135e-05,4.6343e-05,7.5586e-05,0.97107,0.9585
-0.9091,0.28264,-0.15547,1.2636e-05,4.4244e-05,7.0388e-05,0.97078,0.95595
-0.90894,0.28242,-0.15657,1.3511e-05,4.0146e-05,7.7408e-05,0.97091,0.95841
-0.90868,0.28253,-0.15801,1.5692e-05,4.082e-05,9.9454e-05,0.9706,0.95839
-0.90812,0.2828,-0.15964,1.883e-05,4.2846e-05,0.00012479,0.96823,0.96088
-0.90768,0.28404,-0.16102,1.6931e-05,3.8961e-05,0.00010093,0.96852,0.96102
-0.90705,0.28521,-0.16182,1.4852e-05,4.0262e-05,7.9913e-05,0.96839,0.96106
-0.90681,0.28632,-0.16149,1.4799e-05,3.874e-05,7.7698e-05,0.96857,0.9611
-0.90659,0.28668,-0.16167,1.5281e-05,3.7872e-05,7.8594e-05,0.96864,0.96103
-0.90642,0.28667,-0.16248,1.8485e-05,4.3606e-05,9.6413e-05,0.97025,0.95805
-0.90622,0.28648,-0.16355,1.7768e-05,5.5076e-05,0.00010899,0.9706,0.95776
-0.90623,0.28614,-0.1648,1.7598e-05,6.1405e-05,0.00011649,0.97088,0.95811
-0.90669,0.28548,-0.16441,2.2997e-05,6.8244e-05,0.00014101,0.97134,0.9582
-0.90721,0.28417,-0.16347,2.9202e-05,9.3736e-05,0.00016952,0.97155,0.95799
-0.9077,0.283,-0.16239,2.9887e-05,0.00010284,0.00017257,0.97066,0.95792
-0.90836,0.28183,-0.16096,2.8877e-05,0.00010112,0.00016157,0.97087,0.9582
-0.90865,0.28191,-0.15975,2.5985e-05,0.00010111,0.00013748,0.97057,0.95843
-0.90827,0.28271,-0.1594,2.8151e-05,0.00012166,0.00013621,0.97037,0.95809
-0.90819,0.28338,-0.15972,2.8655e-05,0.00013928,0.00013752,0.97055,0.95837
-0.90811,0.28372,-0.15993,2.9733e-05,0.00014618,0.00013602,0.97118,0.95819
-0.90841,0.28339,-0.15881,2.8913e-05,0.00014505,0.00014077,0.97111,0.95818
-0.90873,0.28302,-0.15708,2.5793e-05,0.00014694,0.00012286,0.96934,0.95988
-0.90947,0.28163,-0.15544,3.1395e-05,0.00018369,0.00010403,0.97165,0.95811
-0.90998,0.28047,-0.15418,3.4122e-05,0.00021616,7.1788e-05,0.97116,0.95783
-0.91022,0.2788,-0.15445,3.5105e-05,0.00024616,5.6363e-05,0.97114,0.95782
-0.9105,0.27802,-0.15384,3.7961e-05,0.00026536,6.8593e-05,0.97061,0.9576
-0.91106,0.27719,-0.15252,4.2726e-05,0.00028228,8.7878e-05,0.97179,0.95744
-0.91131,0.27656,-0.15204,4.3505e-05,0.00028723,8.7376e-05,0.97182,0.95754
-0.91168,0.27553,-0.15162,4.0869e-05,0.00027176,8.2712e-05,0.97191,0.95865
-0.91229,0.27379,-0.15148,3.4511e-05,0.00021931,8.2654e-05,0.97169,0.95811
-0.91288,0.27159,-0.15133,2.841e-05,0.00015644,7.7902e-05,0.9715,0.95827
-0.91351,0.26967,-0.15101,2.1082e-05,0.00010299,7.1257e-05,0.97123,0.95818
-0.91394,0.2683,-0.15107,1.8912e-05,8.382e-05,7.0979e-05,0.97114,0.95848
-0.91433,0.26765,-0.15046,1.7693e-05,7.2137e-05,7.4181e-05,0.97094,0.95911
-0.91433,0.26804,-0.14972,1.6494e-05,5.9854e-05,6.6709e-05,0.97032,0.95918
-0.91412,0.2687,-0.14942,1.605e-05,5.2308e-05,6.397e-05,0.96787,0.96095
-0.91336,0.27048,-0.15071,2.0717e-05,5.5398e-05,8.2815e-05,0.96979,0.95863
-0.91223,0.27327,-0.15205,2.3631e-05,7.8011e-05,8.0824e-05,0.97032,0.95874
-0.91178,0.27491,-0.1522,2.1264e-05,7.6077e-05,8.1016e-05,0.97058,0.95788
-0.91164,0.27523,-0.1521,2.1014e-05,7.4053e-05,8.4457e-05,0.97064,0.95792
-0.91164,0.2755,-0.15207,2.1232e-05,7.9733e-05,8.4408e-05,0.97033,0.95791
-0.91132,0.27622,-0.15227,2.3384e-05,9.0563e-05,8.885e-05,0.97076,0.95766
-0.9113,0.2774,-0.15108,2.34e-05,0.00010075,9.3016e-05,0.97107,0.95749
-0.91105,0.27832,-0.15084,2.4482e-05,0.00010236,9.6005e-05,0.97117,0.95693
-0.91057,0.27947,-0.15138,2.4543e-05,9.2535e-05,0.00010041,0.97133,0.95715
-0.91037,0.27998,-0.15173,2.2873e-05,8.4633e-05,9.7619e-05,0.97147,0.95743
-0.91012,0.28108,-0.15161,2.0413e-05,6.6105e-05,0.00010041,0.97124,0.95739
-0.90993,0.28169,-0.1515,2.0234e-05,5.5729e-05,9.9787e-05,0.97119,0.95794
-0.91019,0.28148,-0.15073,1.7847e-05,5.5635e-05,8.5114e-05,0.9679,0.9609
-0.91093,0.28017,-0.15013,1.5213e-05,4.3446e-05,7.1672e-05,0.96811,0.96115
-0.91089,0.27964,-0.1505,1.4617e-05,4.1528e-05,6.2754e-05,0.96795,0.96102
-0.9108,0.27963,-0.15109,1.4503e-05,4.1929e-05,6.1797e-05,0.96799,0.96099
-0.91083,0.27902,-0.1516,1.4065e-05,3.8617e-05,6.6314e-05,0.96795,0.96104
-0.91136,0.27761,-0.1517,1.2137e-05,3.4578e-05,6.3174e-05,0.96807,0.96124
-0.9116,0.27617,-0.1523,1.2893e-05,2.6974e-05,5.6789e-05,0.9711,0.95797
-0.91195,0.27549,-0.15135,1.1847e-05,2.0649e-05,5.6105e-05,0.96812,0.96101
-0.91235,0.27504,-0.14991,1.0371e-05,1.7495e-05,6.0358e-05,0.96813,0.96106
-0.91258,0.27451,-0.1494,1.072e-05,2.0808e-05,6.467e-05,0.96808,0.96109
-0.91266,0.27383,-0.1498,1.1086e-05,2.0051e-05,6.2323e-05,0.96813,0.96109
-0.9128,0.27368,-0.14986,1.0592e-05,1.9532e-05,6.1416e-05,0.96822,0.96127
-0.91285,0.27374,-0.14966,1.0299e-05,2.2092e-05,5.9039e-05,0.96824,0.96133
-0.91253,0.27421,-0.14975,1.1054e-05,3.0121e-05,5.8761e-05,0.96819,0.96111
-0.91259,0.27426,-0.14975,1.1117e-05,2.9116e-05,5.8377e-05,0.96832,0.96111
-0.9123,0.27486,-0.15001,1.2049e-05,2.9736e-05,6.3487e-05,0.96815,0.96119
-0.91208,0.27524,-0.15001,1.392e-05,3.0431e-05,6.4948e-05,0.96804,0.96101
-0.91194,0.27559,-0.14928,1.5919e-05,3.3292e-05,6.5705e-05,0.96989,0.95957
-0.91208,0.27584,-0.14841,1.664e-05,3.1688e-05,7.3569e-05,0.96974,0.95961
-0.91215,0.27566,-0.14795,1.7221e-05,3.1901e-05,8.0816e-05,0.96766,0.96103
-0.91228,0.27555,-0.14751,1.8155e-05,3.1625e-05,9.0021e-05,0.96996,0.95911
-0.91198,0.27639,-0.14776,1.7567e-05,2.8017e-05,8.9594e-05,0.97008,0.95927
-0.91198,0.27648,-0.14763,1.8085e-05,2.9613e-05,9.7363e-05,0.97149,0.95698
-0.91222,0.27582,-0.14734,1.8831e-05,3.9919e-05,9.5926e-05,0.9727,0.95682
-0.91247,0.27523,-0.14705,1.97e-05,3.841e-05,9.6231e-05,0.9723,0.95811
-0.91258,0.27386,-0.14803,2.0373e-05,5.2355e-05,0.00012121,0.96952,0.95859
-0.9126,0.27355,-0.14865,2.1089e-05,5.4792e-05,0.00012853,0.97112,0.95798
-0.91322,0.27251,-0.14746,2.0775e-05,5.5983e-05,0.00011914,0.97126,0.95764
-0.91373,0.27199,-0.14633,1.8175e-05,5.375e-05,0.00010503,0.97138,0.95737
-0.91374,0.27191,-0.1467,1.6292e-05,4.995e-05,0.00010501,0.96874,0.96003
-0.91355,0.27184,-0.14779,1.5739e-05,4.9592e-05,0.00010295,0.97101,0.95809
-0.91348,0.2716,-0.14916,1.563e-05,4.9498e-05,9.9559e-05,0.96896,0.9601
-0.91341,0.27116,-0.15076,1.5489e-05,4.8831e-05,8.1773e-05,0.96903,0.96007
-0.91351,0.27067,-0.15125,1.5187e-05,4.3708e-05,7.4801e-05,0.96915,0.96001
-0.91335,0.27086,-0.15174,1.4409e-05,4.1664e-05,6.6434e-05,0.9692,0.96007
-0.91287,0.27132,-0.15285,1.5357e-05,3.8543e-05,8.0899e-05,0.97034,0.95879
-0.91249,0.2713,-0.15426,1.5778e-05,3.8183e-05,9.2707e-05,0.9681,0.96058
-0.91249,0.27174,-0.15434,1.4488e-05,2.0594e-05,8.0789e-05,0.969,0.96001
-0.91255,0.27169,-0.15402,1.3408e-05,1.7078e-05,7.7108e-05,0.96818,0.96089
-0.91248,0.27201,-0.15333,1.2766e-05,1.3515e-05,9.3546e-05,0.96826,0.96074
-0.91247,0.27203,-0.15322,1.2797e-05,1.2446e-05,9.4538e-05,0.96794,0.96104
-0.91249,0.27204,-0.15342,1.2601e-05,1.1452e-05,9.2133e-05,0.96825,0.9608
-0.91215,0.27254,-0.15417,1.3486e-05,1.4624e-05,9.5405e-05,0.96829,0.96086
-0.91198,0.27318,-0.15427,1.3803e-05,1.7803e-05,9.388e-05,0.96833,0.96094
-0.91186,0.27366,-0.15359,1.3949e-05,1.8169e-05,9.8867e-05,0.96794,0.96112
-0.91187,0.27387,-0.15384,1.4466e-05,2.6152e-05,0.00010146,0.96805,0.96119
-0.91185,0.27381,-0.15399,1.5443e-05,2.793e-05,9.9996e-05,0.9681,0.96099
-0.9118,0.27475,-0.15398,1.5666e-05,4.7763e-05,9.4572e-05,0.96831,0.96113
-0.91176,0.27522,-0.15356,1.5424e-05,4.9889e-05,8.5864e-05,0.97176,0.95872
-0.91168,0.27574,-0.15336,1.5569e-05,4.8626e-05,8.2915e-05,0.9687,0.96096
-0.91136,0.27595,-0.15455,1.5225e-05,4.7856e-05,8.4085e-05,0.97247,0.95769
-0.91107,0.27596,-0.15652,1.3727e-05,4.7538e-05,5.6668e-05,0.96861,0.96101
-0.91114,0.27574,-0.15716,1.3918e-05,4.975e-05,4.6537e-05,0.97224,0.95806
-0.91136,0.27539,-0.15654,1.4269e-05,5.2023e-05,5.3816e-05,0.97231,0.95765
-0.91182,0.27452,-0.15578,1.4443e-05,5.5896e-05,5.3261e-05,0.97182,0.95813
-0.91205,0.27348,-0.15599,1.3914e-05,6.169e-05,5.3768e-05,0.97201,0.95818
-0.91218,0.27237,-0.15706,1.3701e-05,7.007e-05,4.5167e-05,0.97129,0.95832
-0.91253,0.27159,-0.15692,1.5907e-05,6.7792e-05,4.5851e-05,0.97267,0.95832
-0.91241,0.27139,-0.15758,1.6884e-05,6.7763e-05,5.1547e-05,0.97052,0.95931
-0.91252,0.27076,-0.15754,1.6537e-05,4.5923e-05,5.4962e-05,0.97052,0.95873
-0.91261,0.27043,-0.15851,1.614e-05,4.0733e-05,7.4985e-05,0.97048,0.9589
-0.91261,0.26995,-0.15938,1.6502e-05,3.7873e-05,8.6729e-05,0.97096,0.95928
-0.91249,0.27046,-0.15925,1.7815e-05,4.7657e-05,8.5766e-05,0.97129,0.95923
-0.9122,0.27156,-0.15915,1.965e-05,6.3475e-05,8.6808e-05,0.97089,0.95909
-0.91149,0.2726,-0.16015,2.1542e-05,7.1814e-05,8.6091e-05,0.97083,0.95828
-0.91108,0.27347,-0.1609,2.1979e-05,7.7309e-05,7.5053e-05,0.97124,0.95844
-0.91084,0.27451,-0.16087,2.0811e-05,7.6972e-05,7.6235e-05,0.97114,0.95859
-0.91067,0.27532,-0.16068,2.0525e-05,6.7566e-05,7.668e-05,0.9716,0.95837
-0.91012,0.27669,-0.16136,1.9908e-05,5.1645e-05,7.9473e-05,0.97143,0.95885
-0.90948,0.2774,-0.16247,1.455e-05,3.8389e-05,6.9021e-05,0.97146,0.95808
-0.90962,0.27764,-0.16158,1.3324e-05,3.3928e-05,7.2967e-05,0.97063,0.95861
-0.90969,0.27791,-0.1608,1.2846e-05,2.9843e-05,7.5935e-05,0.96871,0.96105
-0.90966,0.27824,-0.15973,1.2735e-05,2.7985e-05,5.905e-05,0.9686,0.96083
-0.90934,0.27892,-0.1603,1.4355e-05,3.2689e-05,6.9716e-05,0.97084,0.95949
-0.90921,0.27921,-0.16076,1.4925e-05,3.6752e-05,7.8042e-05,0.97102,0.95814
-0.90927,0.27898,-0.16147,1.4881e-05,3.9492e-05,8.1078e-05,0.97111,0.95857
-0.9098,0.27794,-0.16115,1.4631e-05,4.6051e-05,7.8324e-05,0.97118,0.95848
-0.90997,0.2771,-0.16152,1.4435e-05,4.9016e-05,7.4818e-05,0.97103,0.95903
-0.9099,0.27724,-0.16206,1.7563e-05,6.6918e-05,6.6864e-05,0.97062,0.95967
-0.90911,0.2793,-0.16314,2.3664e-05,0.00014254,6.7835e-05,0.97185,0.95708
-0.90913,0.27941,-0.16301,2.6987e-05,0.0001742,8.07e-05,0.97245,0.95758
-0.90899,0.28041,-0.16325,2.7237e-05,0.00018507,9.3807e-05,0.97354,0.9575
-0.90889,0.27972,-0.16458,2.9814e-05,0.00021235,8.5334e-05,0.97463,0.95492
